,EVENT,BOUT,FIGHTER_RED,FIGHTER_BLUE,KD_RED,KD_BLUE,SIG_STR_LAND_RED,SIG_STR_ATT_RED,SIG_STR_LAND_BLUE,SIG_STR_ATT_BLUE,TOTAL_STR_LAND_RED,TOTAL_STR_ATT_RED,TOTAL_STR_LAND_BLUE,TOTAL_STR_ATT_BLUE,TD_RED,TD_ATT_RED,TD_BLUE,TD_ATT_BLUE,SUB_ATT_RED,SUB_ATT_BLUE,REV_RED,REV_BLUE,CTRL_TIME_RED(sec),CTRL_TIME-BLUE(sec),HEAD_LAND_RED,HEAD_ATT_RED,HEAD_LAND_BLUE,HEAD_ATT_BLUE,BODY_LAND_RED,BODY_ATT_RED,BODY_LAND_BLUE,BODY_ATT_BLUE,LEG_LAND_RED,LEG_ATT_RED,LEG_LAND_BLUE,LEG_ATT_BLUE,STD_STR_LAND_RED,STD_STR_ATT_RED,STD_STR_LAND_BLUE,STD_STR_ATT_BLUE,CLINCH_STR_LAND_RED,CLINCH_STR_ATT_RED,CLINCH_STR_LAND_BLUE,CLINCH_STR_ATT_BLUE,GRD_STR_LAND_RED,GRD_STR_ATT_RED,GRD_STR_LAND_BLUE,GRD_STR_ATT_BLUE,WIN_BY,Fight_Time_(sec),LAST_ROUND,FORMAT,WINNER,WeightClass
0,UFC Fight Night 5,Jorge Santiago vs Justin Levens,Jorge Santiago,Justin Levens,1,0,9,15,0,6,14,20,1,7,1,1,0,1,0,0,0,0,70,10,8,14,0,5,1,1,0,1,0,0,0,0,1,2,0,4,3,3,0,2,5,10,0,0,KO/TKO ,133,1,3,Jorge Santiago,Middleweight Bout
1,UFC Fight Night 5,Rob MacDonald vs Kristian Rothaermel,Rob MacDonald,Kristian Rothaermel,0,0,10,17,3,6,14,23,16,19,4,4,0,3,3,0,0,0,168,0,9,16,1,3,0,0,0,1,1,1,2,2,1,4,2,4,0,0,1,2,9,13,0,0,Submission ,241,1,3,Rob MacDonald,Light Heavyweight Bout
2,UFC Fight Night 5,Jon Fitch vs Thiago Alves,Jon Fitch,Thiago Alves,1,0,51,72,1,1,104,129,2,2,3,4,1,1,2,3,0,0,526,27,43,63,0,0,6,6,0,0,2,3,1,1,1,3,1,1,7,7,0,0,43,62,0,0,KO/TKO ,577,2,3,Jon Fitch,Welterweight Bout
3,UFC Fight Night 5,Jason Lambert vs Branden Lee Hinkle,Jason Lambert,Branden Lee Hinkle,0,0,44,59,4,6,80,99,5,7,0,0,3,5,1,0,0,0,189,99,31,45,0,1,9,10,3,4,4,4,1,1,0,0,0,0,8,9,4,6,36,50,0,0,KO/TKO ,300,1,3,Jason Lambert,Light Heavyweight Bout
4,UFC Fight Night 5,Josh Koscheck vs Dave Menne,Josh Koscheck,Dave Menne,0,0,45,68,13,34,95,127,21,42,4,7,1,1,1,5,1,1,678,30,29,50,4,20,16,18,1,2,0,0,8,12,6,18,10,29,0,1,2,3,39,49,1,2,Decision - Unanimous ,900,3,3,Josh Koscheck,Welterweight Bout
5,UFC Fight Night 5,Mark Hominick vs Jorge Gurgel,Mark Hominick,Jorge Gurgel,0,0,43,158,36,211,43,158,36,211,0,0,0,5,0,0,0,0,12,0,26,135,14,178,14,19,1,5,3,4,21,28,43,158,36,211,0,0,0,0,0,0,0,0,Decision - Unanimous ,900,3,3,Mark Hominick,Lightweight Bout
6,UFC Fight Night 5,Rashad Evans vs Stephan Bonnar,Rashad Evans,Stephan Bonnar,0,0,17,37,12,36,48,68,52,78,7,12,0,0,0,2,0,0,655,4,12,32,7,28,5,5,4,6,0,0,1,2,3,12,7,30,1,1,3,4,13,24,2,2,Decision - Majority ,900,3,3,Rashad Evans,Light Heavyweight Bout
7,UFC Fight Night 5,Anderson Silva vs Chris Leben,Anderson Silva,Chris Leben,2,0,17,20,1,8,17,20,1,8,0,0,0,0,0,0,0,0,9,0,17,20,1,8,0,0,0,0,0,0,0,0,13,14,1,8,1,1,0,0,3,5,0,0,KO/TKO ,49,1,3,Anderson Silva,Middleweight Bout
8,UFC Fight Night 5,Jonathan Goulet vs Luke Cummo,Jonathan Goulet,Luke Cummo,0,2,18,34,13,21,65,87,30,40,6,9,0,0,0,3,1,0,693,115,14,28,9,17,3,4,3,3,1,2,1,1,2,5,6,9,0,0,4,6,16,29,3,6,Decision - Majority ,900,3,3,Jonathan Goulet,Welterweight Bout
9,The Ultimate Fighter: Team Ortiz vs. Team Shamrock Finale,Mike Nickels vs Wes Combs,Mike Nickels,Wes Combs,0,0,22,37,4,12,41,56,17,32,3,3,0,0,1,0,0,0,156,1,12,23,3,9,10,14,0,2,0,0,1,1,1,4,2,7,8,14,2,5,13,19,0,0,Submission ,190,1,3,Mike Nickels,Light Heavyweight Bout
10,The Ultimate Fighter: Team Ortiz vs. Team Shamrock Finale,Matt Hamill vs Jesse Forbes,Matt Hamill,Jesse Forbes,0,0,33,48,9,21,93,117,16,28,1,1,0,0,0,0,0,0,175,0,30,45,4,15,1,1,3,4,2,2,2,2,9,18,8,19,16,19,1,2,8,11,0,0,KO/TKO ,287,1,3,Matt Hamill,Light Heavyweight Bout
11,The Ultimate Fighter: Team Ortiz vs. Team Shamrock Finale,Luigi Fioravanti vs Solomon Hutcherson,Luigi Fioravanti,Solomon Hutcherson,1,0,11,31,11,28,19,41,25,44,1,1,1,1,0,0,1,1,47,99,7,22,5,18,3,7,5,9,1,2,1,1,4,12,5,17,5,17,6,11,2,2,0,0,KO/TKO ,255,1,3,Luigi Fioravanti,Middleweight Bout
12,The Ultimate Fighter: Team Ortiz vs. Team Shamrock Finale,Kalib Starnes vs Danny Abbadi,Kalib Starnes,Danny Abbadi,0,0,21,29,3,9,25,33,6,12,1,2,0,0,1,0,0,0,101,0,10,17,2,8,11,12,1,1,0,0,0,0,2,5,1,5,5,5,2,4,14,19,0,0,Submission ,176,1,3,Kalib Starnes,Middleweight Bout
13,The Ultimate Fighter: Team Ortiz vs. Team Shamrock Finale,Rory Singer vs Ross Pointon,Rory Singer,Ross Pointon,0,1,2,4,4,20,2,4,7,23,0,0,0,0,1,0,0,0,0,20,1,3,4,19,1,1,0,0,0,0,0,1,2,4,4,18,0,0,0,0,0,0,0,2,Submission ,44,1,3,Rory Singer,Middleweight Bout
14,The Ultimate Fighter: Team Ortiz vs. Team Shamrock Finale,Keith Jardine vs Wilson Gouveia,Keith Jardine,Wilson Gouveia,0,0,67,205,48,115,71,210,51,118,1,1,1,2,0,0,0,0,33,29,41,175,21,85,4,5,1,1,22,25,26,29,61,186,46,110,1,6,0,3,5,13,2,2,Decision - Unanimous ,900,3,3,Keith Jardine,Light Heavyweight Bout
15,The Ultimate Fighter: Team Ortiz vs. Team Shamrock Finale,Kendall Grove vs Ed Herman,Kendall Grove,Ed Herman,0,0,25,39,33,57,46,61,68,94,0,0,5,10,6,2,2,1,205,585,12,25,20,42,10,10,13,15,3,4,0,0,5,12,3,13,11,14,2,3,9,13,28,41,Decision - Unanimous ,900,3,3,Kendall Grove,Ultimate Fighter 3 Middleweight Tournament Title Bout
16,The Ultimate Fighter: Team Ortiz vs. Team Shamrock Finale,Michael Bisping vs Josh Haynes,Michael Bisping,Josh Haynes,2,0,41,61,8,22,52,72,16,30,4,5,0,1,4,0,0,1,329,53,25,43,5,19,13,14,3,3,3,4,0,0,9,17,3,12,19,26,5,8,13,18,0,2,KO/TKO ,554,2,3,Michael Bisping,Ultimate Fighter 3 Light Heavyweight Tournament Title Bout
17,The Ultimate Fighter: Team Ortiz vs. Team Shamrock Finale,Kenny Florian vs Sam Stout,Kenny Florian,Sam Stout,0,0,5,8,0,4,19,22,0,4,1,2,0,0,1,0,0,0,97,0,5,8,0,4,0,0,0,0,0,0,0,0,0,0,0,4,0,0,0,0,5,8,0,0,Submission ,106,1,3,Kenny Florian,Lightweight Bout
18,UFC 60: Hughes vs Gracie,Melvin Guillard vs Rick Davis,Melvin Guillard,Rick Davis,1,0,10,28,5,10,10,28,5,10,0,0,0,0,0,0,0,0,2,0,7,24,2,3,2,2,2,5,1,2,1,2,6,20,5,10,4,8,0,0,0,0,0,0,KO/TKO ,97,1,3,Melvin Guillard,Lightweight Bout
19,UFC 60: Hughes vs Gracie,Gabriel Gonzaga vs Fabiano Scherner,Gabriel Gonzaga,Fabiano Scherner,1,0,16,30,8,25,34,50,24,41,3,4,0,1,0,0,0,1,143,38,11,25,6,20,3,3,2,5,2,2,0,0,8,19,5,14,4,4,3,10,4,7,0,1,KO/TKO ,324,2,3,Gabriel Gonzaga,Heavyweight Bout
20,UFC 60: Hughes vs Gracie,Spencer Fisher vs Matt Wiman,Spencer Fisher,Matt Wiman,1,0,27,39,10,19,44,58,29,42,0,0,1,4,0,4,0,0,118,204,10,20,7,14,12,13,2,4,5,6,1,1,6,9,1,8,14,19,4,5,7,11,5,6,KO/TKO ,403,2,3,Spencer Fisher,Lightweight Bout
21,UFC 60: Hughes vs Gracie,Jeremy Horn vs Chael Sonnen,Jeremy Horn,Chael Sonnen,0,0,3,5,6,18,5,7,34,52,0,0,3,3,4,0,0,0,0,347,3,5,5,17,0,0,1,1,0,0,0,0,1,3,1,2,0,0,0,0,2,2,5,16,Submission ,377,2,3,Jeremy Horn,Middleweight Bout
22,UFC 60: Hughes vs Gracie,Mike Swick vs Joe Riggs,Mike Swick,Joe Riggs,0,0,5,12,1,4,6,13,2,5,0,0,0,2,1,0,0,0,10,27,1,7,0,3,2,2,0,0,2,3,1,1,2,9,0,3,3,3,1,1,0,0,0,0,Submission ,139,1,3,Mike Swick,Middleweight Bout
23,UFC 60: Hughes vs Gracie,Brandon Vera vs Assuerio Silva,Brandon Vera,Assuerio Silva,0,0,8,29,9,17,8,29,11,19,0,0,1,1,1,0,0,0,0,35,3,19,1,9,2,6,5,5,3,4,3,3,8,29,6,14,0,0,1,1,0,0,2,2,Submission ,159,1,3,Brandon Vera,Heavyweight Bout
24,UFC 60: Hughes vs Gracie,Diego Sanchez vs John Alessio,Diego Sanchez,John Alessio,0,0,9,67,17,57,25,87,23,63,1,16,0,0,0,1,0,0,262,0,8,62,15,54,1,5,0,1,0,0,2,2,7,64,16,55,2,3,1,2,0,0,0,0,Decision - Unanimous ,900,3,3,Diego Sanchez,Welterweight Bout
25,UFC 60: Hughes vs Gracie,Dean Lister vs Alessio Sakara,Dean Lister,Alessio Sakara,0,0,1,2,1,3,6,8,4,6,0,1,0,0,2,0,0,0,0,110,1,2,1,3,0,0,0,0,0,0,0,0,1,2,1,3,0,0,0,0,0,0,0,0,Submission ,140,1,3,Dean Lister,Light Heavyweight Bout
26,UFC 60: Hughes vs Gracie,Matt Hughes vs Royce Gracie,Matt Hughes,Royce Gracie,0,0,32,40,7,11,33,41,14,18,1,1,0,0,1,0,0,0,206,0,22,29,0,3,8,9,2,2,2,2,5,6,3,4,5,8,1,1,2,3,28,35,0,0,KO/TKO ,279,1,3,Matt Hughes,Catch Weight Bout
27,UFC 59: Reality Check,Thiago Alves vs Derrick Noble,Thiago Alves,Derrick Noble,1,0,11,27,18,45,19,36,26,53,0,0,0,0,0,0,0,0,12,39,5,17,10,34,4,5,4,6,2,5,4,5,5,19,7,27,4,6,11,18,2,2,0,0,KO/TKO ,174,1,3,Thiago Alves,Welterweight Bout
28,UFC 59: Reality Check,Jason Lambert vs Terry Martin,Jason Lambert,Terry Martin,0,0,31,39,15,26,66,75,29,41,0,2,1,4,0,0,0,0,167,215,16,24,6,17,9,9,1,1,6,6,8,8,0,6,2,7,17,18,9,14,14,15,4,5,KO/TKO ,457,2,3,Jason Lambert,Light Heavyweight Bout
29,UFC 59: Reality Check,David Terrell vs Scott Smith,David Terrell,Scott Smith,0,0,10,14,3,6,21,25,4,7,1,4,0,0,2,0,0,0,75,83,6,9,1,3,1,1,1,1,3,4,1,2,1,3,2,3,4,4,0,0,5,7,1,3,Submission ,188,1,3,David Terrell,Middleweight Bout
30,UFC 59: Reality Check,Karo Parisyan vs Nick Thompson,Karo Parisyan,Nick Thompson,0,0,18,30,2,7,23,41,4,9,2,3,1,1,0,0,0,0,243,10,16,28,1,6,2,2,0,0,0,0,1,1,1,2,1,2,0,0,1,3,17,28,0,2,KO/TKO ,284,1,3,Karo Parisyan,Welterweight Bout
31,UFC 59: Reality Check,Jeff Monson vs Marcio Cruz,Jeff Monson,Marcio Cruz,0,0,32,110,40,106,154,240,51,118,2,2,0,5,0,0,0,0,369,69,16,93,14,79,11,12,5,5,5,5,21,22,16,89,34,98,10,11,6,8,6,10,0,0,Decision - Split ,900,3,3,Jeff Monson,Heavyweight Bout
32,UFC 59: Reality Check,Evan Tanner vs Justin Levens,Evan Tanner,Justin Levens,0,0,10,17,2,4,16,24,6,8,1,2,0,0,2,1,0,0,132,19,6,11,0,1,2,3,1,2,2,3,1,1,1,1,1,2,3,7,1,2,6,9,0,0,Submission ,194,1,3,Evan Tanner,Middleweight Bout
33,UFC 59: Reality Check,Tito Ortiz vs Forrest Griffin,Tito Ortiz,Forrest Griffin,0,0,61,125,58,170,94,163,81,200,3,12,0,0,0,0,0,0,301,14,57,121,52,158,2,2,2,3,2,2,4,9,35,77,58,170,0,0,0,0,26,48,0,0,Decision - Split ,900,3,3,Tito Ortiz,Light Heavyweight Bout
34,UFC 59: Reality Check,Sean Sherk vs Nick Diaz,Sean Sherk,Nick Diaz,0,0,39,155,57,136,80,198,131,210,2,19,1,1,0,3,1,1,227,83,30,146,47,125,5,5,9,10,4,4,1,1,17,90,45,116,22,65,11,18,0,0,1,2,Decision - Unanimous ,900,3,3,Sean Sherk,Welterweight Bout
35,UFC 59: Reality Check,Tim Sylvia vs Andrei Arlovski,Tim Sylvia,Andrei Arlovski,1,1,13,30,11,24,13,30,12,26,0,0,0,0,0,0,0,0,4,7,13,30,7,18,0,0,3,5,0,0,1,1,7,24,9,20,0,0,2,4,6,6,0,0,KO/TKO ,163,1,5,Tim Sylvia,UFC Heavyweight Title Bout
36,UFC Fight Night 4,Chael Sonnen vs Trevor Prangley,Chael Sonnen,Trevor Prangley,0,0,25,59,7,22,109,174,29,45,7,17,0,2,0,2,0,0,662,70,17,47,5,20,6,10,2,2,2,2,0,0,3,11,5,17,5,9,1,2,17,39,1,3,Decision - Unanimous ,900,3,3,Chael Sonnen,Middleweight Bout
37,UFC Fight Night 4,Josh Koscheck vs Ansar Chalangov,Josh Koscheck,Ansar Chalangov,0,0,2,11,2,4,6,15,2,4,2,2,0,0,1,1,0,0,165,8,2,9,2,4,0,0,0,0,0,2,0,0,0,8,2,4,0,0,0,0,2,3,0,0,Submission ,209,1,3,Josh Koscheck,Welterweight Bout
38,UFC Fight Night 4,Dan Christison vs Brad Imes,Dan Christison,Brad Imes,0,0,73,148,58,157,91,167,80,183,0,0,2,2,1,0,1,1,108,218,39,110,48,143,10,12,8,12,24,26,2,2,56,117,31,97,16,28,16,36,1,3,11,24,Submission ,817,3,3,Dan Christison,Heavyweight Bout
39,UFC Fight Night 4,Jon Fitch vs Joshua Burkman,Jon Fitch,Joshua Burkman,1,0,25,50,20,35,122,149,20,35,3,4,1,3,1,1,0,0,312,174,18,41,3,17,4,6,0,0,3,3,17,18,7,14,4,16,9,18,16,19,9,18,0,0,Submission ,597,2,3,Jon Fitch,Welterweight Bout
40,UFC Fight Night 4,Luke Cummo vs Jason Von Flue,Luke Cummo,Jason Von Flue,0,0,43,108,17,57,97,165,29,69,3,4,2,9,3,1,0,0,245,247,18,73,9,46,13,23,5,8,12,12,3,3,22,69,10,43,13,25,7,12,8,14,0,2,Decision - Unanimous ,900,3,3,Luke Cummo,Welterweight Bout
41,UFC Fight Night 4,Chris Leben vs Luigi Fioravanti,Chris Leben,Luigi Fioravanti,0,0,36,90,20,39,200,259,41,60,5,7,0,5,0,0,0,0,573,121,26,68,9,27,8,18,3,4,2,4,8,8,4,17,5,11,20,51,15,28,12,22,0,0,Decision - Unanimous ,900,3,3,Chris Leben,Middleweight Bout
42,UFC Fight Night 4,Josh Neer vs Joe Stevenson,Josh Neer,Joe Stevenson,1,0,46,126,31,56,68,150,80,117,0,0,2,2,0,3,0,0,476,164,46,126,17,37,0,0,5,10,0,0,9,9,12,57,19,34,1,3,4,6,33,66,8,16,Decision - Unanimous ,900,3,3,Josh Neer,Welterweight Bout
43,UFC Fight Night 4,Rashad Evans vs Sam Hoger,Rashad Evans,Sam Hoger,0,0,23,72,18,72,46,95,59,113,9,11,0,1,0,2,0,0,563,3,19,67,8,54,4,5,9,17,0,0,1,1,17,58,14,65,5,10,4,7,1,4,0,0,Decision - Split ,900,3,3,Rashad Evans,Light Heavyweight Bout
44,UFC Fight Night 4,Stephan Bonnar vs Keith Jardine,Stephan Bonnar,Keith Jardine,1,0,33,93,64,118,52,113,90,146,1,6,0,1,1,0,0,0,234,28,20,77,34,81,10,10,15,17,3,6,15,20,24,84,46,99,9,9,18,19,0,0,0,0,Decision - Unanimous ,900,3,3,Stephan Bonnar,Light Heavyweight Bout
45,UFC 58: USA vs Canada,Tom Murphy vs Icho Larenas,Tom Murphy,Icho Larenas,0,0,30,42,2,13,82,100,15,29,6,7,0,0,2,0,0,0,491,0,30,42,1,11,0,0,1,1,0,0,0,1,0,4,0,9,4,7,2,4,26,31,0,0,KO/TKO ,719,3,3,Tom Murphy,Heavyweight Bout
46,UFC 58: USA vs Canada,Jason Lambert vs Rob MacDonald,Jason Lambert,Rob MacDonald,1,0,7,16,3,9,13,24,3,9,1,2,0,0,1,0,0,0,60,20,5,14,3,9,1,1,0,0,1,1,0,0,2,7,1,4,4,7,2,5,1,2,0,0,Submission ,114,1,3,Jason Lambert,Light Heavyweight Bout
47,UFC 58: USA vs Canada,Sam Stout vs Spencer Fisher,Sam Stout,Spencer Fisher,0,0,62,183,53,148,76,199,77,172,0,0,4,9,0,3,0,1,60,259,38,152,31,116,15,22,15,24,9,9,7,8,40,148,36,116,19,29,12,18,3,6,5,14,Decision - Split ,900,3,3,Sam Stout,Lightweight Bout
48,UFC 58: USA vs Canada,Mark Hominick vs Yves Edwards,Mark Hominick,Yves Edwards,0,0,22,58,20,74,31,67,21,75,0,0,1,2,1,0,0,0,22,70,13,49,10,63,6,6,5,6,3,3,5,5,11,45,17,69,11,13,3,5,0,0,0,0,Submission ,412,2,3,Mark Hominick,Lightweight Bout
49,UFC 58: USA vs Canada,Nate Marquardt vs Joe Doerksen,Nate Marquardt,Joe Doerksen,0,1,56,103,26,80,71,118,71,125,5,5,2,8,2,0,1,0,405,101,36,80,19,70,7,10,5,8,13,13,2,2,44,82,21,69,5,12,2,4,7,9,3,7,Decision - Unanimous ,900,3,3,Nate Marquardt,Middleweight Bout
50,UFC 58: USA vs Canada,Georges St-Pierre vs BJ Penn,Georges St-Pierre,BJ Penn,0,0,59,135,37,85,135,212,101,156,4,5,1,1,0,1,0,0,445,18,38,102,28,76,7,10,8,8,14,23,1,1,46,108,28,71,7,18,9,14,6,9,0,0,Decision - Split ,900,3,3,Georges St-Pierre,Welterweight Bout
51,UFC 58: USA vs Canada,Mike Swick vs Steve Vigneault,Mike Swick,Steve Vigneault,0,0,13,22,6,13,13,22,8,15,0,0,0,1,1,0,0,0,49,13,4,12,1,7,0,0,1,2,9,10,4,4,4,12,1,7,9,10,5,6,0,0,0,0,Submission ,129,1,3,Mike Swick,Middleweight Bout
52,UFC 58: USA vs Canada,Rich Franklin vs David Loiseau,Rich Franklin,David Loiseau,2,1,127,244,21,72,211,339,26,78,5,6,1,1,0,0,1,0,517,15,82,190,11,57,42,51,10,15,3,3,0,0,74,172,17,63,32,46,4,9,21,26,0,0,Decision - Unanimous ,1500,5,5,Rich Franklin,UFC Middleweight Title Bout
53,UFC 57: Liddell vs Couture 3,Keith Jardine vs Mike Whitehead,Keith Jardine,Mike Whitehead,0,0,44,131,27,73,90,177,37,83,0,0,5,12,0,0,0,0,0,383,35,120,15,58,2,3,8,9,7,8,4,6,38,115,22,63,6,16,3,7,0,0,2,3,Decision - Unanimous ,900,3,3,Keith Jardine,Light Heavyweight Bout
54,UFC 57: Liddell vs Couture 3,Jeff Monson vs Branden Lee Hinkle,Jeff Monson,Branden Lee Hinkle,0,0,10,11,5,8,28,31,10,13,1,3,0,0,1,1,1,0,181,73,3,4,3,6,6,6,2,2,1,1,0,0,0,0,0,3,3,4,2,2,7,7,3,3,Submission ,275,1,3,Jeff Monson,Heavyweight Bout
55,UFC 57: Liddell vs Couture 3,Paul Buentello vs Gilbert Aldana,Paul Buentello,Gilbert Aldana,0,0,49,71,28,54,67,89,38,65,1,2,0,2,1,0,0,0,117,108,33,53,19,43,12,14,5,5,4,4,4,6,10,20,6,14,33,45,19,36,6,6,3,4,KO/TKO ,447,2,3,Paul Buentello,Heavyweight Bout
56,UFC 57: Liddell vs Couture 3,Alessio Sakara vs Elvis Sinosic,Alessio Sakara,Elvis Sinosic,0,0,70,146,13,37,146,234,151,185,9,9,0,0,0,0,0,0,741,12,61,136,3,25,8,9,0,0,1,1,10,12,21,42,11,35,2,2,2,2,47,102,0,0,Decision - Unanimous ,900,3,3,Alessio Sakara,Light Heavyweight Bout
57,UFC 57: Liddell vs Couture 3,Joe Riggs vs Nick Diaz,Joe Riggs,Nick Diaz,0,1,51,116,38,106,69,135,126,200,3,8,0,7,0,1,0,0,125,202,42,105,23,82,9,11,10,17,0,0,5,7,28,70,15,68,21,40,21,34,2,6,2,4,Decision - Unanimous ,900,3,3,Joe Riggs,Welterweight Bout
58,UFC 57: Liddell vs Couture 3,Renato Sobral vs Mike van Arsdale,Renato Sobral,Mike van Arsdale,0,0,9,12,1,4,11,14,3,6,0,1,0,1,1,0,1,0,96,14,1,3,1,4,1,2,0,0,7,7,0,0,2,3,1,4,6,7,0,0,1,2,0,0,Submission ,141,1,3,Renato Sobral,Light Heavyweight Bout
59,UFC 57: Liddell vs Couture 3,Marcio Cruz vs Frank Mir,Marcio Cruz,Frank Mir,0,0,31,44,3,6,72,87,6,9,1,2,1,1,0,0,0,0,217,15,22,35,0,3,9,9,3,3,0,0,0,0,1,6,0,3,0,0,2,2,30,38,1,1,KO/TKO ,250,1,3,Marcio Cruz,Heavyweight Bout
60,UFC 57: Liddell vs Couture 3,Brandon Vera vs Justin Eilers,Brandon Vera,Justin Eilers,1,0,7,10,4,7,7,10,8,11,0,0,0,0,0,0,0,0,11,35,3,4,0,3,2,3,0,0,2,3,4,4,4,7,0,3,2,2,4,4,1,1,0,0,KO/TKO ,85,1,3,Brandon Vera,Heavyweight Bout
61,UFC 57: Liddell vs Couture 3,Chuck Liddell vs Randy Couture,Chuck Liddell,Randy Couture,1,0,19,51,7,24,27,59,7,24,0,0,1,3,0,0,0,0,0,56,18,49,6,23,0,1,0,0,1,1,1,1,14,46,6,23,1,1,1,1,4,4,0,0,KO/TKO ,388,2,5,Chuck Liddell,UFC Light Heavyweight Title Bout
62,UFC Fight Night 3,Jason Von Flue vs Alex Karalexis,Jason Von Flue,Alex Karalexis,0,0,28,68,18,60,50,90,35,77,0,2,1,5,2,3,0,0,199,134,18,51,14,54,10,17,2,4,0,0,2,2,13,42,6,39,15,26,10,19,0,0,2,2,Submission ,677,3,3,Jason Von Flue,Welterweight Bout
63,UFC Fight Night 3,Spencer Fisher vs Aaron Riley,Spencer Fisher,Aaron Riley,0,0,25,65,9,23,30,70,17,32,0,0,2,4,0,0,0,0,0,89,13,51,2,15,10,12,4,5,2,2,3,3,18,54,1,13,7,11,7,9,0,0,1,1,TKO - Doctor's Stoppage ,300,1,3,Spencer Fisher,Welterweight Bout
64,UFC Fight Night 3,Duane Ludwig vs Jonathan Goulet,Duane Ludwig,Jonathan Goulet,1,0,1,1,0,1,1,1,0,1,0,0,0,0,0,0,0,0,1,0,1,1,0,1,0,0,0,0,0,0,0,0,1,1,0,1,0,0,0,0,0,0,0,0,KO/TKO ,6,1,3,Duane Ludwig,Welterweight Bout
65,UFC Fight Night 3,Josh Neer vs Melvin Guillard,Josh Neer,Melvin Guillard,0,0,3,9,11,51,8,14,12,53,1,1,2,2,2,0,0,0,51,103,2,8,5,41,0,0,1,5,1,1,5,5,2,7,6,32,0,0,1,3,1,2,4,16,Submission ,260,1,3,Josh Neer,Welterweight Bout
66,UFC Fight Night 3,Chris Leben vs Jorge Rivera,Chris Leben,Jorge Rivera,1,0,10,17,5,10,16,23,6,11,1,1,0,0,0,0,0,0,43,27,6,11,3,8,4,6,2,2,0,0,0,0,0,5,2,6,5,7,3,4,5,5,0,0,KO/TKO ,104,1,3,Chris Leben,Middleweight Bout
67,UFC Fight Night 3,Joshua Burkman vs Drew Fickett,Joshua Burkman,Drew Fickett,0,0,7,9,2,8,8,10,2,8,0,0,0,0,1,0,0,0,27,7,1,3,1,5,0,0,1,2,6,6,0,1,3,5,1,7,4,4,1,1,0,0,0,0,Submission ,67,1,3,Joshua Burkman,Welterweight Bout
68,UFC Fight Night 3,Stephan Bonnar vs James Irvin,Stephan Bonnar,James Irvin,0,0,2,5,5,6,22,25,8,9,2,3,0,0,2,0,0,0,243,0,2,5,1,2,0,0,3,3,0,0,1,1,0,3,2,3,0,0,3,3,2,2,0,0,Submission ,270,1,3,Stephan Bonnar,Light Heavyweight Bout
69,UFC Fight Night 3,Tim Sylvia vs Assuerio Silva,Tim Sylvia,Assuerio Silva,0,0,85,224,36,79,137,276,43,86,0,0,0,5,0,0,0,0,197,68,51,185,9,39,21,24,16,24,13,15,11,16,69,202,32,73,14,20,4,6,2,2,0,0,Decision - Unanimous ,900,3,3,Tim Sylvia,Heavyweight Bout
70,UFC 56: Full Force,Nick Thompson vs Keith Wisniewski,Nick Thompson,Keith Wisniewski,0,0,48,107,14,40,108,170,23,49,1,1,3,5,3,0,3,1,429,246,31,89,9,35,14,15,4,4,3,3,1,1,13,55,7,27,6,15,3,8,29,37,4,5,Decision - Unanimous ,900,3,3,Nick Thompson,Welterweight Bout
71,UFC 56: Full Force,Thiago Alves vs Ansar Chalangov,Thiago Alves,Ansar Chalangov,0,0,8,11,2,2,9,12,2,2,1,1,0,2,0,2,0,1,61,44,5,8,1,1,2,2,0,0,1,1,1,1,2,2,0,0,2,2,1,1,4,7,1,1,KO/TKO ,145,1,3,Thiago Alves,Welterweight Bout
72,UFC 56: Full Force,Sam Hoger vs Jeff Newton,Sam Hoger,Jeff Newton,0,0,10,21,2,10,35,48,4,12,3,3,0,0,2,4,0,0,284,9,10,21,2,9,0,0,0,1,0,0,0,0,0,2,2,10,0,0,0,0,10,19,0,0,Submission ,425,2,3,Sam Hoger,Light Heavyweight Bout
73,UFC 56: Full Force,Jeremy Horn vs Trevor Prangley,Jeremy Horn,Trevor Prangley,0,0,38,71,38,78,67,102,77,122,0,3,7,10,1,0,0,0,109,554,19,49,17,56,12,15,7,8,7,7,14,14,18,33,11,40,19,36,21,26,1,2,6,12,Decision - Unanimous ,900,3,3,Jeremy Horn,Middleweight Bout
74,UFC 56: Full Force,Georges St-Pierre vs Sean Sherk,Georges St-Pierre,Sean Sherk,0,0,58,111,20,55,78,132,32,67,3,4,0,3,0,0,0,0,186,0,45,98,5,37,11,11,6,6,2,2,9,12,34,72,13,45,7,7,7,8,17,32,0,2,KO/TKO ,473,2,3,Georges St-Pierre,Welterweight Bout
75,UFC 56: Full Force,Matt Hughes vs Joe Riggs,Matt Hughes,Joe Riggs,0,0,8,13,1,5,9,14,1,5,1,1,0,0,2,0,0,0,123,0,1,6,0,4,7,7,1,1,0,0,0,0,2,6,0,4,1,1,1,1,5,6,0,0,Submission ,208,1,3,Matt Hughes,Welterweight Bout
76,UFC 56: Full Force,Gabriel Gonzaga vs Kevin Jordan,Gabriel Gonzaga,Kevin Jordan,1,0,23,56,18,53,63,98,19,54,2,9,0,0,2,0,0,0,291,5,13,44,15,49,1,1,2,2,9,11,1,2,11,34,17,52,1,3,1,1,11,19,0,0,KO/TKO ,879,3,3,Gabriel Gonzaga,Heavyweight Bout
77,UFC 56: Full Force,Rich Franklin vs Nate Quarry,Rich Franklin,Nate Quarry,2,0,13,34,4,20,15,36,4,20,0,0,0,0,0,0,0,0,10,0,10,30,3,17,2,2,1,2,1,2,0,1,8,29,2,16,3,3,2,4,2,2,0,0,KO/TKO ,154,1,5,Rich Franklin,UFC Middleweight Title Bout
78,The Ultimate Fighter: Team Hughes vs. Team Franklin Finale,Keith Jardine vs Kerry Schall,Keith Jardine,Kerry Schall,1,0,41,111,8,68,41,111,8,68,0,0,0,0,0,0,0,0,0,0,19,87,7,66,6,7,0,1,16,17,1,1,41,111,8,68,0,0,0,0,0,0,0,0,KO/TKO ,508,2,3,Keith Jardine,Heavyweight Bout
79,The Ultimate Fighter: Team Hughes vs. Team Franklin Finale,Melvin Guillard vs Marcus Davis,Melvin Guillard,Marcus Davis,0,0,19,39,3,16,21,41,67,85,3,3,0,1,1,0,0,0,195,139,16,34,3,14,1,2,0,0,2,3,0,2,5,15,1,13,0,0,0,0,14,24,2,3,TKO - Doctor's Stoppage ,475,2,3,Melvin Guillard,Welterweight Bout
80,The Ultimate Fighter: Team Hughes vs. Team Franklin Finale,Joshua Burkman vs Sammy Morgan,Joshua Burkman,Sammy Morgan,0,0,4,5,1,2,4,5,1,2,1,1,0,0,0,0,0,0,3,0,3,4,0,1,0,0,1,1,1,1,0,0,1,2,0,1,0,0,1,1,3,3,0,0,KO/TKO ,21,1,3,Joshua Burkman,Welterweight Bout
81,The Ultimate Fighter: Team Hughes vs. Team Franklin Finale,Kenny Florian vs Kit Cope,Kenny Florian,Kit Cope,0,0,10,20,8,15,37,50,11,19,3,8,0,0,2,0,0,0,259,15,6,12,6,13,3,5,1,1,1,3,1,1,1,4,1,5,3,4,5,7,6,12,2,3,Submission ,337,2,3,Kenny Florian,Welterweight Bout
82,The Ultimate Fighter: Team Hughes vs. Team Franklin Finale,Joe Stevenson vs Luke Cummo,Joe Stevenson,Luke Cummo,0,0,20,33,20,39,58,77,66,91,5,9,1,1,2,1,1,0,583,122,15,27,17,35,5,6,3,4,0,0,0,0,2,8,8,20,2,2,3,4,16,23,9,15,Decision - Unanimous ,900,3,3,Joe Stevenson,Ultimate Fighter 2 Welterweight Tournament Title Bout
83,The Ultimate Fighter: Team Hughes vs. Team Franklin Finale,Rashad Evans vs Brad Imes,Rashad Evans,Brad Imes,2,0,48,96,42,164,53,103,45,168,0,0,2,3,0,1,0,0,128,95,46,94,34,149,2,2,8,15,0,0,0,0,33,72,27,124,10,14,12,36,5,10,3,4,Decision - Split ,900,3,3,Rashad Evans,Ultimate Fighter 2 Heavyweight Tournament Title Bout
84,The Ultimate Fighter: Team Hughes vs. Team Franklin Finale,Diego Sanchez vs Nick Diaz,Diego Sanchez,Nick Diaz,0,0,41,95,13,34,65,123,118,144,5,11,2,5,1,1,0,1,625,138,29,82,13,34,12,13,0,0,0,0,0,0,3,9,6,21,3,5,5,8,35,81,2,5,Decision - Unanimous ,900,3,3,Diego Sanchez,Welterweight Bout
85,UFC 55: Fury,Alessio Sakara vs Ron Faircloth,Alessio Sakara,Ron Faircloth,1,0,46,80,2,5,62,98,17,21,0,0,0,0,0,0,0,0,257,0,44,77,0,2,2,3,1,1,0,0,1,2,9,18,2,4,4,6,0,1,33,56,0,0,Could Not Continue ,310,2,3,NC,Light Heavyweight Bout
86,UFC 55: Fury,Marcio Cruz vs Keigo Kunihara,Marcio Cruz,Keigo Kunihara,0,0,12,28,1,10,19,36,10,20,0,2,2,5,1,1,0,0,27,195,2,18,1,8,1,1,0,1,9,9,0,1,11,27,0,8,1,1,0,0,0,0,1,2,Submission ,362,2,3,Marcio Cruz,Heavyweight Bout
87,UFC 55: Fury,Jorge Rivera vs Dennis Hallman,Jorge Rivera,Dennis Hallman,0,0,51,92,12,29,94,141,15,32,0,0,1,6,0,2,1,0,441,169,31,65,7,22,11,12,4,5,9,15,1,2,12,30,3,11,20,29,9,18,19,33,0,0,Decision - Unanimous ,900,3,3,Jorge Rivera,Middleweight Bout
88,UFC 55: Fury,Joe Riggs vs Chris Lytle,Joe Riggs,Chris Lytle,0,0,15,25,3,8,26,37,52,63,1,1,1,2,1,0,1,1,176,184,15,24,3,8,0,1,0,0,0,0,0,0,1,2,1,4,1,1,0,0,13,22,2,4,TKO - Doctor's Stoppage ,420,2,3,Joe Riggs,Welterweight Bout
89,UFC 55: Fury,Renato Sobral vs Chael Sonnen,Renato Sobral,Chael Sonnen,0,0,11,17,12,24,15,21,56,69,4,6,0,3,3,0,0,0,163,182,6,12,10,20,3,3,1,3,2,2,1,1,4,5,2,6,5,8,2,3,2,4,8,15,Submission ,380,2,3,Renato Sobral,Light Heavyweight Bout
90,UFC 55: Fury,Forrest Griffin vs Elvis Sinosic,Forrest Griffin,Elvis Sinosic,1,0,30,82,18,47,30,82,18,47,0,0,0,0,0,0,0,0,6,0,22,69,9,36,1,5,1,1,7,8,8,10,24,71,15,44,5,10,3,3,1,1,0,0,KO/TKO ,210,1,3,Forrest Griffin,Light Heavyweight Bout
91,UFC 55: Fury,Branden Lee Hinkle vs Sean Gannon,Branden Lee Hinkle,Sean Gannon,0,0,27,38,0,3,40,52,8,12,1,2,0,0,3,0,0,0,229,0,20,31,0,3,7,7,0,0,0,0,0,0,0,0,0,1,2,2,0,1,25,36,0,1,KO/TKO ,254,1,3,Branden Lee Hinkle,Heavyweight Bout
92,UFC 55: Fury,Andrei Arlovski vs Paul Buentello,Andrei Arlovski,Paul Buentello,1,0,2,6,1,3,2,6,1,3,0,0,0,0,0,0,0,0,3,0,2,6,1,3,0,0,0,0,0,0,0,0,2,6,1,3,0,0,0,0,0,0,0,0,KO/TKO ,15,1,5,Andrei Arlovski,UFC Heavyweight Title Bout
93,UFC Fight Night 2,Jonathan Goulet vs Jay Hieron,Jonathan Goulet,Jay Hieron,0,0,14,42,10,26,63,101,29,48,0,0,9,12,1,3,3,0,39,440,7,33,5,21,3,4,3,3,4,5,2,2,7,29,5,15,7,11,1,2,0,2,4,9,TKO - Doctor's Stoppage ,665,3,3,Jonathan Goulet,Welterweight Bout
94,UFC Fight Night 2,Jon Fitch vs Brock Larson,Jon Fitch,Brock Larson,0,0,25,49,14,20,146,170,19,25,5,7,1,4,2,3,0,0,609,176,19,42,1,6,4,4,2,2,2,3,11,12,5,13,1,6,4,7,13,14,16,29,0,0,Decision - Unanimous ,900,3,3,Jon Fitch,Middleweight Bout
95,UFC Fight Night 2,Spencer Fisher vs Thiago Alves,Spencer Fisher,Thiago Alves,0,0,13,36,19,53,22,46,84,135,1,2,3,3,3,0,0,0,75,388,9,28,12,44,3,6,5,5,1,2,2,4,9,27,4,16,3,8,6,9,1,1,9,28,Submission ,583,2,3,Spencer Fisher,Welterweight Bout
96,UFC Fight Night 2,Drew Fickett vs Josh Koscheck,Drew Fickett,Josh Koscheck,1,0,5,17,8,16,33,45,95,106,0,0,6,6,3,0,0,0,16,754,3,13,8,16,0,1,0,0,2,3,0,0,3,15,2,6,2,2,0,0,0,0,6,10,Submission ,868,3,3,Drew Fickett,Welterweight Bout
97,UFC Fight Night 2,Brandon Vera vs Fabiano Scherner,Brandon Vera,Fabiano Scherner,2,0,28,41,10,32,39,52,28,50,0,1,1,2,0,0,0,0,203,77,4,12,7,24,13,16,1,2,11,13,2,6,12,22,5,25,15,17,1,2,1,2,4,5,KO/TKO ,502,2,3,Brandon Vera,Heavyweight Bout
98,UFC Fight Night 2,Chris Leben vs Edwin DeWees,Chris Leben,Edwin DeWees,0,0,5,7,5,7,19,21,13,15,0,0,1,1,1,2,0,0,112,67,3,5,1,2,2,2,2,3,0,0,2,2,1,1,3,3,1,2,2,4,3,4,0,0,Submission ,206,1,3,Chris Leben,Middleweight Bout
99,UFC Fight Night 2,David Loiseau vs Evan Tanner,David Loiseau,Evan Tanner,0,0,13,34,15,24,16,37,61,86,0,0,3,4,0,2,2,0,48,360,13,34,3,11,0,0,8,9,0,0,4,4,1,21,5,11,1,1,2,2,11,12,8,11,TKO - Doctor's Stoppage ,555,2,3,David Loiseau,Middleweight Bout
100,UFC 54: Boiling Point,James Irvin vs Terry Martin,James Irvin,Terry Martin,1,0,6,7,12,13,9,10,33,34,0,0,2,4,0,0,0,0,4,287,3,4,8,9,1,1,4,4,2,2,0,0,4,5,0,0,2,2,3,3,0,0,9,10,KO/TKO ,309,2,3,James Irvin,Light Heavyweight Bout
101,UFC 54: Boiling Point,Trevor Prangley vs Travis Lutter,Trevor Prangley,Travis Lutter,0,0,54,70,9,19,140,160,16,26,5,6,0,7,0,0,0,0,651,101,21,36,4,13,11,12,5,6,22,22,0,0,6,14,4,13,36,38,5,6,12,18,0,0,Decision - Unanimous ,900,3,3,Trevor Prangley,Middleweight Bout
102,UFC 54: Boiling Point,Matt Lindland vs Joe Doerksen,Matt Lindland,Joe Doerksen,0,0,19,43,8,15,70,102,22,30,4,4,2,5,4,1,1,0,724,82,14,38,4,11,5,5,3,3,0,0,1,1,5,10,4,9,1,2,4,6,13,31,0,0,Decision - Unanimous ,900,3,3,Matt Lindland,Middleweight Bout
103,UFC 54: Boiling Point,Georges St-Pierre vs Frank Trigg,Georges St-Pierre,Frank Trigg,0,0,25,32,1,3,37,44,1,3,1,1,0,1,2,0,0,0,217,0,25,32,1,2,0,0,0,1,0,0,0,0,4,6,1,3,0,0,0,0,21,26,0,0,Submission ,249,1,3,Georges St-Pierre,Welterweight Bout
104,UFC 54: Boiling Point,Diego Sanchez vs Brian Gassaway,Diego Sanchez,Brian Gassaway,0,0,35,64,3,6,52,86,3,6,3,6,0,0,1,0,0,0,317,23,35,64,1,4,0,0,1,1,0,0,1,1,1,6,2,4,0,0,1,2,34,58,0,0,KO/TKO ,416,2,3,Diego Sanchez,Welterweight Bout
105,UFC 54: Boiling Point,Randy Couture vs Mike van Arsdale,Randy Couture,Mike van Arsdale,0,0,27,46,8,40,40,60,9,41,4,6,1,9,3,0,0,0,427,69,10,29,7,39,16,16,0,0,1,1,1,1,3,15,5,32,5,6,3,8,19,25,0,0,Submission ,652,3,3,Randy Couture,Light Heavyweight Bout
106,UFC 54: Boiling Point,Tim Sylvia vs Tra Telligman,Tim Sylvia,Tra Telligman,1,0,31,69,13,40,32,70,13,40,0,0,0,0,0,0,0,0,1,0,22,59,9,36,2,2,1,1,7,8,3,3,28,65,13,40,3,4,0,0,0,0,0,0,KO/TKO ,299,1,3,Tim Sylvia,Heavyweight Bout
107,UFC 54: Boiling Point,Chuck Liddell vs Jeremy Horn,Chuck Liddell,Jeremy Horn,2,0,64,191,31,87,64,191,31,87,0,0,0,8,0,0,0,0,77,3,58,185,19,73,2,2,3,3,4,4,9,11,53,163,31,87,0,0,0,0,11,28,0,0,KO/TKO ,1066,4,5,Chuck Liddell,UFC Light Heavyweight Title Bout
108,UFC Fight Night 1,Drew Fickett vs Josh Neer,Drew Fickett,Josh Neer,0,0,1,3,0,0,6,8,0,0,2,3,0,1,1,0,0,0,70,0,0,2,0,0,1,1,0,0,0,0,0,0,0,1,0,0,1,1,0,0,0,1,0,0,Submission ,95,1,3,Drew Fickett,Welterweight Bout
109,UFC Fight Night 1,Kenny Florian vs Alex Karalexis,Kenny Florian,Alex Karalexis,0,0,38,68,18,66,42,72,27,75,1,2,0,0,0,0,0,0,40,65,18,43,15,61,19,24,3,5,1,1,0,0,18,37,5,33,20,31,12,31,0,0,1,2,TKO - Doctor's Stoppage ,472,2,3,Kenny Florian,Welterweight Bout
110,UFC Fight Night 1,Mike Swick vs Gideon Ray,Mike Swick,Gideon Ray,1,0,7,10,1,3,7,10,1,3,0,0,0,0,0,0,0,0,3,0,6,9,0,2,0,0,0,0,1,1,1,1,4,6,1,3,0,0,0,0,3,4,0,0,KO/TKO ,22,1,3,Mike Swick,Middleweight Bout
111,UFC Fight Night 1,Josh Koscheck vs Pete Spratt,Josh Koscheck,Pete Spratt,0,0,0,2,0,2,4,6,1,3,1,3,0,0,1,0,0,0,90,0,0,1,0,2,0,0,0,0,0,1,0,0,0,2,0,2,0,0,0,0,0,0,0,0,Submission ,113,1,3,Josh Koscheck,Welterweight Bout
112,UFC Fight Night 1,Nate Quarry vs Pete Sell,Nate Quarry,Pete Sell,1,0,3,8,2,12,3,8,2,12,0,0,0,0,0,0,0,0,1,0,2,7,1,10,0,0,1,2,1,1,0,0,2,7,2,12,0,0,0,0,1,1,0,0,KO/TKO ,42,1,3,Nate Quarry,Middleweight Bout
113,UFC Fight Night 1,Stephan Bonnar vs Sam Hoger,Stephan Bonnar,Sam Hoger,0,0,43,91,11,29,105,162,52,71,3,7,1,1,1,2,1,1,589,127,39,86,9,26,2,3,2,2,2,2,0,1,8,22,6,18,9,18,3,7,26,51,2,4,Decision - Unanimous ,900,3,3,Stephan Bonnar,Light Heavyweight Bout
114,UFC Fight Night 1,Chris Leben vs Patrick Cote,Chris Leben,Patrick Cote,0,0,26,63,26,63,185,234,30,67,1,5,1,2,0,0,0,0,547,121,17,51,18,51,4,5,4,7,5,7,4,5,9,24,8,28,12,27,15,29,5,12,3,6,Decision - Split ,900,3,3,Chris Leben,Middleweight Bout
115,UFC Fight Night 1,Nate Marquardt vs Ivan Salaverry,Nate Marquardt,Ivan Salaverry,0,0,21,63,23,66,27,70,46,89,2,2,0,3,2,0,0,0,301,9,7,43,2,34,1,2,6,9,13,18,15,23,13,49,22,63,3,3,1,2,5,11,0,1,Decision - Unanimous ,900,3,3,Nate Marquardt,Middleweight Bout
116,UFC 53: Heavy Hitters,Nick Diaz vs Koji Oishi,Nick Diaz,Koji Oishi,1,0,25,44,2,22,26,45,2,22,0,0,0,0,0,0,0,0,3,0,20,39,2,22,5,5,0,0,0,0,0,0,17,34,2,22,4,5,0,0,4,5,0,0,KO/TKO ,84,1,3,Nick Diaz,Welterweight Bout
117,UFC 53: Heavy Hitters,David Loiseau vs Charles McCarthy,David Loiseau,Charles McCarthy,1,0,20,40,0,1,30,50,8,20,0,0,1,3,0,1,0,0,173,165,15,34,0,1,5,6,0,0,0,0,0,0,5,13,0,1,1,1,0,0,14,26,0,0,KO/TKO ,430,2,3,David Loiseau,Middleweight Bout
118,UFC 53: Heavy Hitters,Nate Quarry vs Shonie Carter,Nate Quarry,Shonie Carter,2,0,19,30,6,19,46,57,11,25,0,0,0,0,0,0,0,0,36,42,15,23,2,10,4,5,1,3,0,2,3,6,7,12,3,12,6,11,3,7,6,7,0,0,KO/TKO ,157,1,3,Nate Quarry,Middleweight Bout
119,UFC 53: Heavy Hitters,Paul Buentello vs Kevin Jordan,Paul Buentello,Kevin Jordan,1,0,20,43,18,33,23,47,26,41,0,0,0,1,1,0,0,0,40,82,12,35,6,17,8,8,11,14,0,0,1,2,5,19,7,16,13,17,11,17,2,7,0,0,Submission ,240,1,3,Paul Buentello,Heavyweight Bout
120,UFC 53: Heavy Hitters,Forrest Griffin vs Bill Mahood,Forrest Griffin,Bill Mahood,0,0,3,4,1,1,32,33,2,2,1,1,0,0,1,0,0,0,124,0,3,4,0,0,0,0,0,0,0,0,1,1,1,2,1,1,0,0,0,0,2,2,0,0,Submission ,138,1,3,Forrest Griffin,Light Heavyweight Bout
121,UFC 53: Heavy Hitters,Rich Franklin vs Evan Tanner,Rich Franklin,Evan Tanner,0,1,97,272,25,95,104,279,27,99,0,0,1,5,1,1,1,0,75,48,79,245,15,71,11,18,9,23,7,9,1,1,82,241,22,87,15,26,3,8,0,5,0,0,TKO - Doctor's Stoppage ,1105,4,5,Rich Franklin,UFC Middleweight Title Bout
122,UFC 53: Heavy Hitters,Karo Parisyan vs Matt Serra,Karo Parisyan,Matt Serra,0,1,56,127,26,65,113,191,52,91,8,10,1,2,2,0,0,2,362,56,51,119,16,53,4,7,4,5,1,1,6,7,18,55,15,51,3,8,3,5,35,64,8,9,Decision - Unanimous ,900,3,3,Karo Parisyan,Welterweight Bout
123,UFC 53: Heavy Hitters,Andrei Arlovski vs Justin Eilers,Andrei Arlovski,Justin Eilers,0,0,33,56,5,21,33,56,7,23,0,0,0,1,0,0,0,0,7,0,22,43,4,20,1,2,0,0,10,11,1,1,27,48,5,21,3,5,0,0,3,3,0,0,KO/TKO ,250,1,5,Andrei Arlovski,UFC Interim Heavyweight Title Bout
124,UFC 52: Couture vs Liddell 2,Mike van Arsdale vs John Marsh,Mike van Arsdale,John Marsh,0,1,34,60,18,35,85,117,40,58,1,4,1,1,0,1,1,0,446,161,14,39,8,23,20,21,6,8,0,0,4,4,2,21,5,15,1,2,9,13,31,37,4,7,Decision - Unanimous ,900,3,3,Mike van Arsdale,Heavyweight Bout
125,UFC 52: Couture vs Liddell 2,Joe Doerksen vs Patrick Cote,Joe Doerksen,Patrick Cote,0,2,9,24,37,54,35,55,49,66,4,6,0,0,4,0,1,1,327,281,3,16,28,44,5,7,5,5,1,1,4,5,4,12,14,19,1,4,5,8,4,8,18,27,Submission ,755,3,3,Joe Doerksen,Middleweight Bout
126,UFC 52: Couture vs Liddell 2,Ivan Salaverry vs Joe Riggs,Ivan Salaverry,Joe Riggs,0,0,2,7,6,11,5,11,7,12,0,1,1,1,1,0,0,0,0,81,2,5,4,9,0,0,0,0,0,2,2,2,0,5,1,3,2,2,2,2,0,0,3,6,Submission ,162,1,3,Ivan Salaverry,Middleweight Bout
127,UFC 52: Couture vs Liddell 2,Georges St-Pierre vs Jason Miller,Georges St-Pierre,Jason Miller,0,0,64,94,16,41,117,148,28,53,5,5,1,6,4,0,1,1,583,99,41,70,6,26,16,17,9,12,7,7,1,3,13,26,11,34,6,7,1,1,45,61,4,6,Decision - Unanimous ,900,3,3,Georges St-Pierre,Welterweight Bout
128,UFC 52: Couture vs Liddell 2,Matt Lindland vs Travis Lutter,Matt Lindland,Travis Lutter,0,0,11,25,0,4,59,77,26,31,2,4,1,1,1,0,0,1,328,113,6,17,0,4,1,2,0,0,4,6,0,0,0,4,0,4,10,16,0,0,1,5,0,0,Submission ,493,2,3,Matt Lindland,Middleweight Bout
129,UFC 52: Couture vs Liddell 2,Matt Hughes vs Frank Trigg,Matt Hughes,Frank Trigg,0,1,13,19,13,21,19,25,25,33,1,2,0,0,1,1,1,0,92,109,10,16,9,17,2,2,4,4,1,1,0,0,1,4,0,3,2,2,6,7,10,13,7,11,Submission ,245,1,5,Matt Hughes,UFC Welterweight Title Bout
130,UFC 52: Couture vs Liddell 2,Renato Sobral vs Travis Wiuff,Renato Sobral,Travis Wiuff,0,0,15,27,3,5,44,59,10,12,2,3,2,2,2,0,0,0,199,71,11,22,2,4,3,4,1,1,1,1,0,0,3,6,1,2,5,6,1,2,7,15,1,1,Submission ,324,2,3,Renato Sobral,Light Heavyweight Bout
131,UFC 52: Couture vs Liddell 2,Chuck Liddell vs Randy Couture,Chuck Liddell,Randy Couture,1,0,13,26,9,24,15,28,9,24,0,0,0,0,0,0,0,0,2,2,12,25,8,22,0,0,0,1,1,1,1,1,11,23,8,21,0,1,1,3,2,2,0,0,KO/TKO ,126,1,5,Chuck Liddell,UFC Light Heavyweight Title Bout
132,The Ultimate Fighter: Team Couture vs. Team Liddell Finale,Alex Karalexis vs Josh Rafferty,Alex Karalexis,Josh Rafferty,0,0,6,12,1,3,12,19,2,4,0,0,0,1,0,1,0,0,63,0,6,12,0,1,0,0,1,1,0,0,0,1,0,4,1,3,0,0,0,0,6,8,0,0,KO/TKO ,100,1,3,Alex Karalexis,Welterweight Bout
133,The Ultimate Fighter: Team Couture vs. Team Liddell Finale,Mike Swick vs Alex Schoenauer,Mike Swick,Alex Schoenauer,1,0,7,13,1,4,7,13,1,4,0,0,0,0,0,0,0,0,0,0,6,12,0,2,0,0,0,1,1,1,1,1,7,13,1,4,0,0,0,0,0,0,0,0,KO/TKO ,20,1,3,Mike Swick,Middleweight Bout
134,The Ultimate Fighter: Team Couture vs. Team Liddell Finale,Nate Quarry vs Lodune Sincaid,Nate Quarry,Lodune Sincaid,0,0,36,82,10,34,36,82,10,34,0,0,0,0,0,0,0,0,0,0,26,71,3,26,8,9,0,0,2,2,7,8,36,82,10,34,0,0,0,0,0,0,0,0,KO/TKO ,197,1,3,Nate Quarry,Middleweight Bout
135,The Ultimate Fighter: Team Couture vs. Team Liddell Finale,Josh Koscheck vs Chris Sanford,Josh Koscheck,Chris Sanford,0,0,14,17,1,2,27,31,3,4,2,2,0,0,0,1,0,0,189,0,13,16,0,1,0,0,0,0,1,1,1,1,2,3,1,2,0,0,0,0,12,14,0,0,KO/TKO ,261,1,3,Josh Koscheck,Middleweight Bout
136,The Ultimate Fighter: Team Couture vs. Team Liddell Finale,Chris Leben vs Jason Thacker,Chris Leben,Jason Thacker,0,0,27,40,1,3,34,47,3,5,1,1,0,0,0,0,0,0,86,0,21,34,1,3,6,6,0,0,0,0,0,0,0,1,0,1,1,2,1,2,26,37,0,0,KO/TKO ,95,1,3,Chris Leben,Middleweight Bout
137,The Ultimate Fighter: Team Couture vs. Team Liddell Finale,Sam Hoger vs Bobby Southworth,Sam Hoger,Bobby Southworth,1,0,22,119,21,84,71,171,81,151,0,1,1,2,0,0,0,0,159,81,12,95,6,66,5,17,1,2,5,7,14,16,21,108,19,81,1,3,1,1,0,8,1,2,Decision - Unanimous ,900,3,3,Sam Hoger,Light Heavyweight Bout
138,The Ultimate Fighter: Team Couture vs. Team Liddell Finale,Diego Sanchez vs Kenny Florian,Diego Sanchez,Kenny Florian,0,0,14,21,2,4,14,21,5,7,1,2,0,0,0,0,0,0,92,0,13,20,1,3,1,1,1,1,0,0,0,0,0,2,0,1,2,2,1,1,12,17,1,2,KO/TKO ,169,1,3,Diego Sanchez,Ultimate Fighter 1 Middleweight Tournament Title Bout
139,The Ultimate Fighter: Team Couture vs. Team Liddell Finale,Forrest Griffin vs Stephan Bonnar,Forrest Griffin,Stephan Bonnar,0,0,88,184,57,150,96,192,64,157,2,9,0,0,1,0,0,0,154,19,62,149,55,146,16,22,1,2,10,13,1,2,51,128,43,127,33,51,14,23,4,5,0,0,Decision - Unanimous ,900,3,3,Forrest Griffin,Ultimate Fighter 1 Light Heavyweight Tournament Title Bout
140,The Ultimate Fighter: Team Couture vs. Team Liddell Finale,Rich Franklin vs Ken Shamrock,Rich Franklin,Ken Shamrock,0,0,23,36,0,4,25,38,0,4,0,0,1,1,0,2,0,0,17,25,20,33,0,4,3,3,0,0,0,0,0,0,6,14,0,4,0,2,0,0,17,20,0,0,KO/TKO ,162,1,3,Rich Franklin,Light Heavyweight Bout
141,UFC 51: Super Saturday,Nick Diaz vs Drew Fickett,Nick Diaz,Drew Fickett,0,0,13,28,3,8,136,153,4,13,0,1,0,0,1,2,0,0,146,101,10,24,2,6,2,3,0,1,1,1,1,1,2,4,1,4,3,4,0,2,8,20,2,2,KO/TKO ,280,1,3,Nick Diaz,Welterweight Bout
142,UFC 51: Super Saturday,Karo Parisyan vs Chris Lytle,Karo Parisyan,Chris Lytle,0,0,29,66,7,16,81,124,58,67,7,9,0,0,2,2,0,2,773,33,29,66,4,13,0,0,3,3,0,0,0,0,0,5,1,9,1,1,5,6,28,60,1,1,Decision - Unanimous ,900,3,3,Karo Parisyan,Welterweight Bout
143,UFC 51: Super Saturday,David Loiseau vs Gideon Ray,David Loiseau,Gideon Ray,2,0,17,34,11,23,25,43,12,24,0,0,1,1,1,0,0,0,159,35,16,31,2,12,1,2,4,5,0,1,5,6,2,11,4,16,3,3,6,6,12,20,1,1,TKO - Doctor's Stoppage ,300,1,3,David Loiseau,Middleweight Bout
144,UFC 51: Super Saturday,Mike Kyle vs James Irvin,Mike Kyle,James Irvin,1,0,10,15,3,6,30,39,3,6,1,1,0,0,0,0,0,0,83,6,7,12,1,4,3,3,1,1,0,0,1,1,5,8,2,5,2,3,1,1,3,4,0,0,KO/TKO ,115,1,3,Mike Kyle,Heavyweight Bout
145,UFC 51: Super Saturday,Paul Buentello vs Justin Eilers,Paul Buentello,Justin Eilers,1,0,22,50,7,28,24,52,15,37,0,0,0,0,0,0,0,0,3,78,12,38,3,19,3,3,0,3,7,9,4,6,18,45,1,21,3,4,6,7,1,1,0,0,KO/TKO ,214,1,3,Paul Buentello,Heavyweight Bout
146,UFC 51: Super Saturday,Evan Tanner vs David Terrell,Evan Tanner,David Terrell,0,0,19,28,4,9,62,77,4,11,0,0,2,2,0,1,0,0,189,21,18,27,3,7,1,1,0,0,0,0,1,2,0,0,1,4,1,1,3,5,18,27,0,0,KO/TKO ,275,1,5,Evan Tanner,UFC Middleweight Title Bout
147,UFC 51: Super Saturday,Andrei Arlovski vs Tim Sylvia,Andrei Arlovski,Tim Sylvia,1,0,5,10,2,4,5,10,2,4,0,0,0,0,2,0,0,0,8,0,1,6,1,3,0,0,0,0,4,4,1,1,5,6,2,4,0,0,0,0,0,4,0,0,Submission ,47,1,5,Andrei Arlovski,UFC Interim Heavyweight Title Bout
148,UFC 51: Super Saturday,Pete Sell vs Phil Baroni,Pete Sell,Phil Baroni,0,0,16,49,17,40,90,136,73,102,1,4,4,6,1,0,1,0,262,376,10,43,15,37,3,3,2,3,3,3,0,0,7,34,7,28,5,5,3,3,4,10,7,9,Submission ,859,3,3,Pete Sell,Middleweight Bout
149,UFC 51: Super Saturday,Tito Ortiz vs Vitor Belfort,Tito Ortiz,Vitor Belfort,0,0,27,47,19,38,101,130,44,65,4,11,0,0,0,1,0,1,563,186,20,38,16,35,2,4,2,2,5,5,1,1,1,6,1,5,8,10,8,16,18,31,10,17,Decision - Split ,900,3,3,Tito Ortiz,Light Heavyweight Bout
150,UFC 50: The War Of '04,Travis Lutter vs Marvin Eastman,Travis Lutter,Marvin Eastman,1,0,1,11,10,45,1,11,11,46,0,1,0,0,0,0,0,0,2,0,1,11,3,37,0,0,0,0,0,0,7,8,1,11,9,42,0,0,1,3,0,0,0,0,KO/TKO ,333,2,3,Travis Lutter,Light Heavyweight Bout
151,UFC 50: The War Of '04,Ivan Salaverry vs Tony Fryklund,Ivan Salaverry,Tony Fryklund,1,0,9,15,4,6,20,29,4,6,0,2,0,1,1,0,0,0,60,2,6,11,1,2,2,2,1,1,1,2,2,3,0,3,1,2,6,9,3,4,3,3,0,0,Submission ,96,1,3,Ivan Salaverry,Middleweight Bout
152,UFC 50: The War Of '04,Evan Tanner vs Robbie Lawler,Evan Tanner,Robbie Lawler,0,0,6,17,3,14,6,17,4,15,0,0,1,1,1,0,0,0,0,33,2,12,2,13,1,1,1,1,3,4,0,0,6,17,1,11,0,0,1,1,0,0,1,2,Submission ,142,1,3,Evan Tanner,Middleweight Bout
153,UFC 50: The War Of '04,Frank Trigg vs Renato Verissimo,Frank Trigg,Renato Verissimo,0,0,33,59,4,21,65,93,10,27,1,1,0,8,0,2,0,0,301,53,26,48,2,18,6,10,0,1,1,1,2,2,5,16,2,13,9,16,2,8,19,27,0,0,KO/TKO ,431,2,3,Frank Trigg,Welterweight Bout
154,UFC 50: The War Of '04,Matt Hughes vs Georges St-Pierre,Matt Hughes,Georges St-Pierre,0,0,4,14,6,17,8,21,12,24,2,7,1,1,2,0,0,0,140,17,3,13,4,15,1,1,2,2,0,0,0,0,3,11,5,16,1,1,1,1,0,2,0,0,Submission ,299,1,5,Matt Hughes,UFC Welterweight Title Bout
155,UFC 50: The War Of '04,Rich Franklin vs Jorge Rivera,Rich Franklin,Jorge Rivera,1,0,41,73,22,41,84,116,60,81,3,3,0,1,1,0,0,0,575,50,27,51,9,24,11,19,13,17,3,3,0,0,6,14,5,14,26,45,17,27,9,14,0,0,Submission ,868,3,3,Rich Franklin,Middleweight Bout
156,UFC 50: The War Of '04,Tito Ortiz vs Patrick Cote,Tito Ortiz,Patrick Cote,0,0,45,75,11,27,166,202,26,42,2,3,0,1,0,0,0,0,761,0,42,72,11,27,3,3,0,0,0,0,0,0,1,5,7,22,0,0,2,2,44,70,2,3,Decision - Unanimous ,900,3,3,Tito Ortiz,Light Heavyweight Bout
157,UFC 49: Unfinished Business,Yves Edwards vs Josh Thomson,Yves Edwards,Josh Thomson,1,0,16,21,13,22,24,30,33,43,0,1,2,3,0,0,0,0,40,97,10,15,2,7,1,1,4,6,5,5,7,9,1,3,7,13,8,11,6,8,7,7,0,1,KO/TKO ,272,1,3,Yves Edwards,Lightweight Bout
158,UFC 49: Unfinished Business,Karo Parisyan vs Nick Diaz,Karo Parisyan,Nick Diaz,0,0,27,79,37,102,48,104,121,189,9,15,1,2,0,2,0,1,414,78,23,75,26,83,2,2,10,18,2,2,1,1,12,38,25,82,7,16,11,17,8,25,1,3,Decision - Split ,900,3,3,Karo Parisyan,Welterweight Bout
159,UFC 49: Unfinished Business,Chris Lytle vs Ronald Jhun,Chris Lytle,Ronald Jhun,1,0,12,25,8,16,38,59,20,29,0,1,1,1,2,0,1,0,260,23,8,20,1,5,3,4,3,5,1,1,4,6,6,14,5,12,1,2,3,4,5,9,0,0,Submission ,377,2,3,Chris Lytle,Welterweight Bout
160,UFC 49: Unfinished Business,Justin Eilers vs Mike Kyle,Justin Eilers,Mike Kyle,1,0,4,9,7,16,5,10,7,16,0,1,0,0,0,0,0,0,1,0,4,8,1,10,0,1,5,5,0,0,1,1,1,6,0,7,2,2,7,9,1,1,0,0,KO/TKO ,74,1,3,Justin Eilers,Heavyweight Bout
161,UFC 49: Unfinished Business,David Terrell vs Matt Lindland,David Terrell,Matt Lindland,1,0,5,7,0,1,5,7,0,1,0,0,0,0,0,0,0,0,8,0,5,7,0,1,0,0,0,0,0,0,0,0,1,2,0,1,0,0,0,0,4,5,0,0,KO/TKO ,24,1,3,David Terrell,Middleweight Bout
162,UFC 49: Unfinished Business,Chuck Liddell vs Vernon White,Chuck Liddell,Vernon White,2,0,31,68,13,37,51,88,13,37,1,1,0,1,0,0,0,0,91,0,27,64,9,32,3,3,2,3,1,1,2,2,9,26,11,28,5,11,1,5,17,31,1,4,KO/TKO ,245,1,3,Chuck Liddell,Light Heavyweight Bout
163,UFC 49: Unfinished Business,Joe Riggs vs Joe Doerksen,Joe Riggs,Joe Doerksen,0,0,29,55,6,7,44,71,22,24,2,3,2,7,0,0,1,1,364,44,24,49,2,3,3,4,1,1,2,2,3,3,2,7,4,5,2,3,2,2,25,45,0,0,KO/TKO ,519,2,3,Joe Riggs,Middleweight Bout
164,UFC 49: Unfinished Business,Randy Couture vs Vitor Belfort,Randy Couture,Vitor Belfort,0,0,50,71,3,6,131,154,10,13,2,4,0,0,0,2,0,0,846,1,40,56,1,4,3,5,2,2,7,10,0,0,1,4,0,3,16,25,2,2,33,42,1,1,TKO - Doctor's Stoppage ,900,3,5,Randy Couture,UFC Light Heavyweight Title Bout
165,UFC 48: Payback,Trevor Prangley vs Curtis Stout,Trevor Prangley,Curtis Stout,0,0,12,18,5,7,45,57,23,27,2,4,0,0,2,0,0,0,309,4,2,8,0,2,10,10,3,3,0,0,2,2,0,1,4,5,0,0,0,0,12,17,1,2,Submission ,365,2,3,Trevor Prangley,Middleweight Bout
166,UFC 48: Payback,Georges St-Pierre vs Jay Hieron,Georges St-Pierre,Jay Hieron,2,0,24,33,5,9,37,46,5,9,0,1,0,3,0,0,0,0,21,6,22,31,1,5,2,2,2,2,0,0,2,2,13,16,4,8,2,3,1,1,9,14,0,0,KO/TKO ,102,1,3,Georges St-Pierre,Welterweight Bout
167,UFC 48: Payback,Matt Serra vs Ivan Menjivar,Matt Serra,Ivan Menjivar,0,0,14,40,8,16,67,108,59,68,6,7,0,2,0,2,0,0,798,7,9,33,3,10,5,7,5,6,0,0,0,0,2,4,1,8,2,3,5,6,10,33,2,2,Decision - Unanimous ,900,3,3,Matt Serra,Lightweight Bout
168,UFC 48: Payback,Evan Tanner vs Phil Baroni,Evan Tanner,Phil Baroni,0,0,73,102,23,67,118,148,60,104,5,12,0,1,0,0,0,0,365,3,55,82,16,60,15,17,6,6,3,3,1,1,39,63,16,56,19,21,7,11,15,18,0,0,Decision - Unanimous ,900,3,3,Evan Tanner,Middleweight Bout
169,UFC 48: Payback,Matt Hughes vs Renato Verissimo,Matt Hughes,Renato Verissimo,0,0,11,23,7,13,17,31,87,95,3,6,0,0,1,4,1,1,809,12,6,17,5,10,5,6,2,3,0,0,0,0,2,3,0,5,2,3,3,3,7,17,4,5,Decision - Unanimous ,900,3,3,Matt Hughes,Welterweight Bout
170,UFC 48: Payback,Frank Mir vs Tim Sylvia,Frank Mir,Tim Sylvia,0,0,3,3,2,5,3,3,2,5,0,0,1,1,1,0,0,0,0,29,0,0,1,4,0,0,1,1,3,3,0,0,3,3,1,4,0,0,1,1,0,0,0,0,Submission ,50,1,5,Frank Mir,UFC Heavyweight Title Bout
171,UFC 48: Payback,Frank Trigg vs Dennis Hallman,Frank Trigg,Dennis Hallman,0,0,20,41,1,6,34,56,14,19,0,0,0,1,0,2,0,0,200,0,20,40,0,4,0,1,0,1,0,0,1,1,1,11,1,5,0,0,0,1,19,30,0,0,KO/TKO ,255,1,3,Frank Trigg,Welterweight Bout
172,UFC 48: Payback,Ken Shamrock vs Kimo Leopoldo,Ken Shamrock,Kimo Leopoldo,1,0,12,15,4,5,14,17,4,6,0,0,0,0,0,0,0,0,9,6,3,6,2,3,9,9,2,2,0,0,0,0,0,1,2,3,11,13,2,2,1,1,0,0,KO/TKO ,86,1,3,Ken Shamrock,Heavyweight Bout
173,UFC 47: It's On!,Genki Sudo vs Mike Brown,Genki Sudo,Mike Brown,0,0,6,8,13,15,10,12,36,41,1,1,1,2,4,0,0,0,12,179,0,2,7,9,5,5,0,0,1,1,6,6,0,0,1,2,6,8,7,7,0,0,5,6,Submission ,211,1,3,Genki Sudo,Lightweight Bout
174,UFC 47: It's On!,Jonathan Wiezorek vs Wade Shipp,Jonathan Wiezorek,Wade Shipp,0,0,10,10,20,23,37,37,42,48,1,4,0,0,0,0,0,0,111,44,10,10,11,14,0,0,7,7,0,0,2,2,0,0,4,6,2,2,15,16,8,8,1,1,KO/TKO ,280,1,3,Jonathan Wiezorek,Heavyweight Bout
175,UFC 47: It's On!,Mike Kyle vs Wes Sims,Mike Kyle,Wes Sims,1,0,13,15,0,2,48,55,6,8,0,1,0,1,1,3,0,0,240,12,8,10,0,1,1,1,0,1,4,4,0,0,2,3,0,2,7,7,0,0,4,5,0,0,KO/TKO ,299,1,3,Mike Kyle,Heavyweight Bout
176,UFC 47: It's On!,Nick Diaz vs Robbie Lawler,Nick Diaz,Robbie Lawler,1,0,22,75,16,64,29,83,18,66,0,1,0,0,0,0,0,0,49,0,14,63,13,60,3,4,3,4,5,8,0,0,18,69,14,58,4,6,2,6,0,0,0,0,KO/TKO ,391,2,3,Nick Diaz,Welterweight Bout
177,UFC 47: It's On!,Andrei Arlovski vs Wesley Correira,Andrei Arlovski,Wesley Correira,1,0,51,83,4,29,51,83,4,29,0,0,0,0,0,0,0,0,6,0,41,68,2,25,2,2,0,0,8,13,2,4,31,52,3,22,20,31,1,7,0,0,0,0,KO/TKO ,375,2,3,Andrei Arlovski,Heavyweight Bout
178,UFC 47: It's On!,Yves Edwards vs Hermes Franca,Yves Edwards,Hermes Franca,0,0,21,43,8,44,66,92,63,104,0,0,4,10,1,2,1,1,291,227,9,29,6,39,2,2,0,1,10,12,2,4,13,23,5,38,0,2,2,4,8,18,1,2,Decision - Split ,900,3,3,Yves Edwards,Lightweight Bout
179,UFC 47: It's On!,Chris Lytle vs Tiki Ghosn,Chris Lytle,Tiki Ghosn,0,0,34,80,27,49,50,96,32,54,2,3,0,0,1,0,0,0,49,27,22,62,9,24,7,12,10,14,5,6,8,11,21,65,15,28,13,15,12,21,0,0,0,0,Submission ,415,2,3,Chris Lytle,Welterweight Bout
180,UFC 47: It's On!,Chuck Liddell vs Tito Ortiz,Chuck Liddell,Tito Ortiz,1,0,23,65,13,32,23,65,13,32,0,0,0,2,0,0,0,0,1,0,22,63,7,25,1,2,0,0,0,0,6,7,23,65,13,32,0,0,0,0,0,0,0,0,KO/TKO ,338,2,3,Chuck Liddell,Light Heavyweight Bout
181,UFC 46: Supernatural,Matt Serra vs Jeff Curran,Matt Serra,Jeff Curran,0,0,45,80,9,15,118,159,19,25,6,10,0,2,0,1,1,2,790,20,26,61,5,11,15,15,3,3,4,4,1,1,2,11,4,9,11,11,3,4,32,58,2,2,Decision - Unanimous ,900,3,3,Matt Serra,Lightweight Bout
182,UFC 46: Supernatural,Josh Thomson vs Hermes Franca,Josh Thomson,Hermes Franca,0,1,40,68,22,46,82,112,60,87,2,3,2,3,0,1,0,0,245,319,16,38,19,40,4,6,3,3,20,24,0,3,26,51,6,20,8,9,4,5,6,8,12,21,Decision - Majority ,900,3,3,Josh Thomson,Lightweight Bout
183,UFC 46: Supernatural,Georges St-Pierre vs Karo Parisyan,Georges St-Pierre,Karo Parisyan,0,0,46,80,1,7,138,177,23,33,6,8,0,2,0,4,2,2,727,19,29,61,1,6,14,15,0,0,3,4,0,1,7,15,0,6,0,0,0,0,39,65,1,1,Decision - Unanimous ,900,3,3,Georges St-Pierre,Welterweight Bout
184,UFC 46: Supernatural,Lee Murray vs Jorge Rivera,Lee Murray,Jorge Rivera,0,0,0,1,2,4,2,4,6,12,0,0,1,2,2,0,0,0,0,87,0,1,1,3,0,0,0,0,0,0,1,1,0,1,0,1,0,0,1,1,0,0,1,2,Submission ,105,1,3,Lee Murray,Middleweight Bout
185,UFC 46: Supernatural,Frank Mir vs Wes Sims,Frank Mir,Wes Sims,1,0,28,44,18,25,68,90,83,99,4,7,0,0,2,0,0,0,456,39,18,32,1,8,7,8,17,17,3,4,0,0,4,8,2,9,4,4,5,5,20,32,11,11,KO/TKO ,561,2,3,Frank Mir,Heavyweight Bout
186,UFC 46: Supernatural,BJ Penn vs Matt Hughes,BJ Penn,Matt Hughes,0,0,17,23,4,8,33,39,10,14,0,0,0,1,1,0,0,0,250,0,15,21,3,7,2,2,1,1,0,0,0,0,3,4,0,3,2,2,1,1,12,17,3,4,Submission ,279,1,5,BJ Penn,UFC Welterweight Title Bout
187,UFC 46: Supernatural,Renato Verissimo vs Carlos Newton,Renato Verissimo,Carlos Newton,0,0,22,36,4,9,124,151,19,25,3,4,2,5,1,0,1,0,567,211,20,34,1,5,2,2,3,4,0,0,0,0,6,12,1,5,2,2,3,4,14,22,0,0,Decision - Unanimous ,900,3,3,Renato Verissimo,Welterweight Bout
188,UFC 46: Supernatural,Vitor Belfort vs Randy Couture,Vitor Belfort,Randy Couture,0,0,1,1,1,2,1,1,1,2,0,0,0,0,0,0,0,0,27,0,1,1,0,1,0,0,0,0,0,0,1,1,1,1,1,2,0,0,0,0,0,0,0,0,TKO - Doctor's Stoppage ,49,1,5,Vitor Belfort,UFC Light Heavyweight Title Bout
189,UFC 45: Revolution,Yves Edwards vs Nick Agallar,Yves Edwards,Nick Agallar,1,0,33,57,5,43,39,63,10,48,0,0,0,2,0,0,0,0,11,67,14,32,2,36,1,4,0,2,18,21,3,5,21,40,4,42,1,2,1,1,11,15,0,0,KO/TKO ,434,2,3,Yves Edwards,Lightweight Bout
190,UFC 45: Revolution,Keith Rockel vs Chris Liguori,Keith Rockel,Chris Liguori,0,0,5,5,1,3,17,19,12,14,1,2,0,0,1,0,0,0,184,8,5,5,0,2,0,0,0,0,0,0,1,1,0,0,1,3,0,0,0,0,5,5,0,0,Submission ,209,1,3,Keith Rockel,Middleweight Bout
191,UFC 45: Revolution,Pedro Rizzo vs Ricco Rodriguez,Pedro Rizzo,Ricco Rodriguez,0,0,30,93,15,33,45,110,27,47,0,0,0,12,0,0,0,0,352,0,9,67,13,28,1,1,0,3,20,25,2,2,11,56,15,33,0,0,0,0,19,37,0,0,Decision - Unanimous ,900,3,3,Pedro Rizzo,Heavyweight Bout
192,UFC 45: Revolution,Robbie Lawler vs Chris Lytle,Robbie Lawler,Chris Lytle,1,0,30,72,37,97,51,93,64,125,3,4,1,1,0,1,1,0,291,24,23,64,18,69,5,6,3,6,2,2,16,22,13,40,31,87,5,7,6,10,12,25,0,0,Decision - Unanimous ,900,3,3,Robbie Lawler,Welterweight Bout
193,UFC 45: Revolution,Evan Tanner vs Phil Baroni,Evan Tanner,Phil Baroni,0,2,28,34,17,32,40,46,29,45,1,4,0,0,0,0,0,0,147,14,16,20,14,28,6,8,3,4,6,6,0,0,6,7,6,15,9,10,11,15,13,17,0,2,KO/TKO ,282,1,3,Evan Tanner,Middleweight Bout
194,UFC 45: Revolution,Wesley Correira vs David Abbott,Wesley Correira,David Abbott,1,0,13,24,11,26,19,30,17,33,0,0,0,0,0,0,0,0,7,84,13,23,11,26,0,0,0,0,0,1,0,0,3,7,4,9,9,16,7,17,1,1,0,0,TKO - Doctor's Stoppage ,134,1,3,Wesley Correira,Heavyweight Bout
195,UFC 45: Revolution,Matt Lindland vs Falaniko Vitale,Matt Lindland,Falaniko Vitale,0,0,35,62,3,18,93,121,10,27,1,3,0,1,1,0,1,0,497,199,19,44,0,13,3,4,0,1,13,14,3,4,2,17,2,16,18,23,0,0,15,22,1,2,KO/TKO ,863,3,3,Matt Lindland,Middleweight Bout
196,UFC 45: Revolution,Matt Hughes vs Frank Trigg,Matt Hughes,Frank Trigg,0,0,0,0,0,3,0,0,1,4,1,1,1,1,2,1,1,1,103,119,0,0,0,3,0,0,0,0,0,0,0,0,0,0,0,0,0,0,0,0,0,0,0,3,Submission ,234,1,5,Matt Hughes,UFC Welterweight Title Bout
197,UFC 44: Undisputed,Hermes Franca vs Caol Uno,Hermes Franca,Caol Uno,1,0,13,22,32,49,35,44,52,71,2,2,1,4,1,0,0,0,84,281,12,21,8,23,1,1,5,5,0,0,19,21,3,6,3,4,6,10,11,12,4,6,18,33,KO/TKO ,466,2,3,Hermes Franca,Lightweight Bout
198,UFC 44: Undisputed,Nick Diaz vs Jeremy Jackson,Nick Diaz,Jeremy Jackson,0,0,17,24,9,37,92,107,71,103,6,13,0,0,2,0,0,1,403,208,14,20,9,37,3,4,0,0,0,0,0,0,1,3,0,7,0,0,1,5,16,21,8,25,Submission ,724,3,3,Nick Diaz,Welterweight Bout
199,UFC 44: Undisputed,Josh Thomson vs Gerald Strebendt,Josh Thomson,Gerald Strebendt,1,0,11,18,0,0,19,26,0,0,1,1,0,0,0,3,0,0,147,0,10,17,0,0,1,1,0,0,0,0,0,0,1,2,0,0,0,0,0,0,10,16,0,0,KO/TKO ,165,1,3,Josh Thomson,Lightweight Bout
200,UFC 44: Undisputed,Karo Parisyan vs Dave Strasser,Karo Parisyan,Dave Strasser,0,0,13,22,2,11,19,28,11,20,3,4,0,1,1,0,0,0,163,14,8,17,1,9,3,3,1,2,2,2,0,0,3,7,1,6,7,8,1,5,3,7,0,0,Submission ,232,1,3,Karo Parisyan,Welterweight Bout
201,UFC 44: Undisputed,Rich Franklin vs Edwin DeWees,Rich Franklin,Edwin DeWees,1,0,37,46,4,6,44,53,13,15,0,0,1,1,0,1,0,0,119,34,21,30,1,2,15,15,3,4,1,1,0,0,3,4,0,2,21,24,4,4,13,18,0,0,KO/TKO ,215,1,3,Rich Franklin,Light Heavyweight Bout
202,UFC 44: Undisputed,Jorge Rivera vs David Loiseau,Jorge Rivera,David Loiseau,1,0,80,136,35,78,154,210,49,92,0,0,0,3,0,0,0,0,328,29,39,88,25,64,24,26,3,6,17,22,7,8,20,55,8,26,57,78,27,52,3,3,0,0,Decision - Unanimous ,900,3,3,Jorge Rivera,Middleweight Bout
203,UFC 44: Undisputed,Tim Sylvia vs Gan McGee,Tim Sylvia,Gan McGee,1,0,10,34,7,25,10,34,7,25,0,0,0,0,0,0,0,0,4,0,10,34,5,23,0,0,1,1,0,0,1,1,6,29,7,25,0,0,0,0,4,5,0,0,KO/TKO ,114,1,5,Tim Sylvia,UFC Heavyweight Title Bout
204,UFC 44: Undisputed,Andrei Arlovski vs Vladimir Matyushenko,Andrei Arlovski,Vladimir Matyushenko,2,0,9,20,5,17,26,39,5,17,0,0,0,6,0,0,0,0,35,3,8,19,4,15,1,1,0,1,0,0,1,1,3,10,3,11,2,3,1,5,4,7,1,1,KO/TKO ,119,1,3,Andrei Arlovski,Heavyweight Bout
205,UFC 44: Undisputed,Randy Couture vs Tito Ortiz,Randy Couture,Tito Ortiz,0,0,88,136,16,30,194,244,34,48,8,12,2,6,0,0,0,0,1273,129,65,113,3,16,11,11,11,12,12,12,2,2,1,5,1,11,16,18,14,18,71,113,1,1,Decision - Unanimous ,1500,5,5,Randy Couture,UFC Light Heavyweight Title Bout
206,UFC 43: Meltdown,Pedro Rizzo vs Tra Telligman,Pedro Rizzo,Tra Telligman,0,1,40,91,34,67,67,121,42,77,1,3,0,0,0,0,0,0,205,23,24,67,19,49,6,6,9,11,10,18,6,7,20,64,24,55,10,11,9,11,10,16,1,1,TKO - Doctor's Stoppage ,564,2,3,Pedro Rizzo,Heavyweight Bout
207,UFC 43: Meltdown,Falaniko Vitale vs Matt Lindland,Falaniko Vitale,Matt Lindland,0,0,2,7,2,9,6,11,6,13,0,1,0,3,0,0,0,0,27,55,1,5,0,6,0,1,1,1,1,1,1,2,0,4,0,6,1,2,2,3,1,1,0,0,KO/TKO ,116,1,3,Falaniko Vitale,Middleweight Bout
208,UFC 43: Meltdown,Yves Edwards vs Eddie Ruiz,Yves Edwards,Eddie Ruiz,1,0,21,40,3,12,57,79,30,43,0,0,2,16,3,0,1,2,419,285,10,26,0,6,10,12,1,2,1,2,2,4,3,14,2,9,14,17,1,2,4,9,0,1,Decision - Unanimous ,900,3,3,Yves Edwards,Lightweight Bout
209,UFC 43: Meltdown,Frank Mir vs Wes Sims,Frank Mir,Wes Sims,0,0,4,7,1,1,18,21,8,11,1,1,0,0,4,0,0,0,158,11,4,7,1,1,0,0,0,0,0,0,0,0,0,0,0,0,0,0,0,0,4,7,1,1,DQ ,175,1,3,Frank Mir,Heavyweight Bout
210,UFC 43: Meltdown,Vernon White vs Ian Freeman,Vernon White,Ian Freeman,0,0,45,82,18,54,107,148,75,116,1,5,2,5,0,1,1,0,296,389,22,51,16,51,11,17,0,1,12,14,2,2,8,21,5,21,20,32,8,18,17,29,5,15,Decision - Split ,900,3,3,D,Heavyweight Bout
211,UFC 43: Meltdown,Vitor Belfort vs Marvin Eastman,Vitor Belfort,Marvin Eastman,1,0,9,12,1,5,9,12,1,5,0,0,0,0,0,0,0,0,3,0,8,11,0,2,0,0,0,0,1,1,1,3,1,2,1,5,2,2,0,0,6,8,0,0,KO/TKO ,67,1,3,Vitor Belfort,Light Heavyweight Bout
212,UFC 43: Meltdown,Kimo Leopoldo vs David Abbott,Kimo Leopoldo,David Abbott,0,0,1,1,0,0,1,1,3,3,1,1,0,0,1,0,0,0,112,1,0,0,0,0,1,1,0,0,0,0,0,0,1,1,0,0,0,0,0,0,0,0,0,0,Submission ,119,1,3,Kimo Leopoldo,Heavyweight Bout
213,UFC 43: Meltdown,Randy Couture vs Chuck Liddell,Randy Couture,Chuck Liddell,0,0,46,87,22,59,56,99,35,72,4,5,0,1,1,0,0,1,202,124,39,79,11,47,3,4,0,0,4,4,11,12,27,59,12,44,11,13,10,15,8,15,0,0,KO/TKO ,759,3,5,Randy Couture,UFC Interim Light Heavyweight Title Bout
214,UFC 42: Sudden Impact,David Loiseau vs Mark Weir,David Loiseau,Mark Weir,0,0,16,20,2,2,19,24,12,12,1,2,0,0,0,0,0,0,212,0,15,19,0,0,0,0,2,2,1,1,0,0,1,1,1,1,0,0,1,1,15,19,0,0,KO/TKO ,235,1,3,David Loiseau,Middleweight Bout
215,UFC 42: Sudden Impact,Hermes Franca vs Richard Crunkilton,Hermes Franca,Richard Crunkilton,1,0,27,54,29,89,97,125,77,148,2,11,4,7,9,0,0,0,43,441,20,47,22,78,4,4,2,4,3,3,5,7,20,43,16,61,7,10,1,6,0,1,12,22,Decision - Unanimous ,900,3,3,Hermes Franca,Lightweight Bout
216,UFC 42: Sudden Impact,Duane Ludwig vs Genki Sudo,Duane Ludwig,Genki Sudo,0,0,38,57,24,63,73,101,52,96,0,0,3,6,0,0,0,0,247,409,13,29,13,44,22,25,3,8,3,3,8,11,12,24,11,25,10,11,0,0,16,22,13,38,Decision - Unanimous ,900,3,3,Duane Ludwig,Lightweight Bout
217,UFC 42: Sudden Impact,Rich Franklin vs Evan Tanner,Rich Franklin,Evan Tanner,1,0,16,38,6,14,16,38,6,14,0,0,0,0,0,0,0,0,2,0,13,34,0,5,1,1,5,8,2,3,1,1,16,38,4,12,0,0,2,2,0,0,0,0,KO/TKO ,160,1,3,Rich Franklin,Light Heavyweight Bout
218,UFC 42: Sudden Impact,Wesley Correira vs Sean Alvarez,Wesley Correira,Sean Alvarez,0,0,22,42,6,16,75,95,16,26,0,0,0,9,0,0,0,0,13,197,21,41,1,8,1,1,0,1,0,0,5,7,3,11,5,10,19,31,1,6,0,0,0,0,KO/TKO ,406,2,3,Wesley Correira,Heavyweight Bout
219,UFC 42: Sudden Impact,Dave Strasser vs Romie Aram,Dave Strasser,Romie Aram,0,1,60,125,24,70,107,176,78,125,1,2,2,4,0,0,0,0,284,294,46,105,21,67,12,18,1,1,2,2,2,2,22,56,10,38,14,34,11,26,24,35,3,6,Decision - Unanimous ,900,3,3,Dave Strasser,Welterweight Bout
220,UFC 42: Sudden Impact,Pete Spratt vs Robbie Lawler,Pete Spratt,Robbie Lawler,0,0,19,27,15,25,25,33,24,34,1,1,2,2,0,0,0,0,99,137,6,13,3,11,6,6,11,13,7,8,1,1,7,12,1,5,12,14,12,16,0,1,2,4,Submission ,448,2,3,Pete Spratt,Welterweight Bout
221,UFC 42: Sudden Impact,Matt Hughes vs Sean Sherk,Matt Hughes,Sean Sherk,0,0,44,88,19,39,96,140,144,167,5,7,3,5,1,1,0,0,899,347,42,86,19,39,2,2,0,0,0,0,0,0,9,36,2,14,0,0,3,5,35,52,14,20,Decision - Unanimous ,1500,5,5,Matt Hughes,UFC Welterweight Title Bout
222,UFC 41: Onslaught,Yves Edwards vs Rich Clementi,Yves Edwards,Rich Clementi,1,0,51,96,31,64,79,129,59,95,0,0,2,8,1,0,0,0,212,207,29,73,17,48,12,13,7,8,10,10,7,8,27,59,15,45,18,24,11,12,6,13,5,7,Submission ,847,3,3,Yves Edwards,Lightweight Bout
223,UFC 41: Onslaught,Gan McGee vs Alexandre Dantas,Gan McGee,Alexandre Dantas,0,0,9,23,1,4,13,28,1,4,0,0,0,7,0,1,0,0,83,116,9,23,0,3,0,0,0,0,0,0,1,1,1,10,0,3,0,0,1,1,8,13,0,0,KO/TKO ,289,1,3,Gan McGee,Heavyweight Bout
224,UFC 41: Onslaught,Din Thomas vs Matt Serra,Din Thomas,Matt Serra,0,0,29,61,26,81,59,92,42,97,0,0,1,28,0,0,0,0,105,86,18,49,5,60,6,7,15,15,5,5,6,6,22,54,9,62,7,7,17,19,0,0,0,0,Decision - Split ,900,3,3,Din Thomas,Lightweight Bout
225,UFC 41: Onslaught,Vladimir Matyushenko vs Pedro Rizzo,Vladimir Matyushenko,Pedro Rizzo,0,0,24,38,12,37,94,113,29,54,5,19,0,3,0,0,0,0,434,79,17,29,6,31,1,2,1,1,6,7,5,5,11,25,10,35,3,3,2,2,10,10,0,0,Decision - Unanimous ,900,3,3,Vladimir Matyushenko,Heavyweight Bout
226,UFC 41: Onslaught,Matt Lindland vs Phil Baroni,Matt Lindland,Phil Baroni,0,0,40,76,44,73,180,230,83,113,4,13,1,2,2,0,1,0,612,48,31,67,15,44,8,8,29,29,1,1,0,0,5,27,5,20,11,19,22,34,24,30,17,19,Decision - Unanimous ,900,3,3,Matt Lindland,Middleweight Bout
227,UFC 41: Onslaught,BJ Penn vs Caol Uno,BJ Penn,Caol Uno,0,0,67,93,64,97,111,137,105,138,5,8,6,7,0,1,0,2,430,447,44,69,19,43,21,21,12,16,2,3,33,38,24,43,34,60,17,19,14,15,26,31,16,22,Decision - Split ,1500,5,5,D,UFC Lightweight Title Bout
228,UFC 41: Onslaught,Frank Mir vs David Abbott,Frank Mir,David Abbott,0,0,0,1,1,5,0,1,2,6,0,2,0,0,2,0,0,0,0,38,0,1,1,5,0,0,0,0,0,0,0,0,0,1,0,4,0,0,0,0,0,0,1,1,Submission ,46,1,3,Frank Mir,Heavyweight Bout
229,UFC 41: Onslaught,Tim Sylvia vs Ricco Rodriguez,Tim Sylvia,Ricco Rodriguez,1,0,12,25,7,10,15,28,10,13,0,0,0,2,0,1,0,0,78,0,10,23,4,7,1,1,1,1,1,1,2,2,7,18,6,9,0,0,1,1,5,7,0,0,KO/TKO ,189,1,5,Tim Sylvia,UFC Heavyweight Title Bout
230,UFC 40: Vendetta,Phillip Miller vs Mark Weir,Phillip Miller,Mark Weir,0,1,10,21,19,31,20,33,39,57,2,2,0,0,1,3,1,1,393,163,6,17,19,31,4,4,0,0,0,0,0,0,0,0,3,6,0,0,0,0,10,21,16,25,Submission ,590,2,3,Phillip Miller,Middleweight Bout
231,UFC 40: Vendetta,Vladimir Matyushenko vs Travis Wiuff,Vladimir Matyushenko,Travis Wiuff,0,0,24,32,0,0,56,66,3,3,2,3,0,3,0,1,0,0,196,3,19,26,0,0,5,6,0,0,0,0,0,0,0,2,0,0,8,10,0,0,16,20,0,0,KO/TKO ,250,1,3,Vladimir Matyushenko,Heavyweight Bout
232,UFC 40: Vendetta,Andrei Arlovski vs Ian Freeman,Andrei Arlovski,Ian Freeman,1,0,14,26,1,11,14,26,1,11,0,0,0,0,0,0,0,0,3,0,7,19,0,10,0,0,0,0,7,7,1,1,10,22,1,10,4,4,0,1,0,0,0,0,KO/TKO ,78,1,3,Andrei Arlovski,Heavyweight Bout
233,UFC 40: Vendetta,Robbie Lawler vs Tiki Ghosn,Robbie Lawler,Tiki Ghosn,1,0,5,11,7,14,5,11,7,14,0,0,0,0,0,0,0,0,2,0,5,11,0,4,0,0,1,1,0,0,6,9,4,9,7,14,0,0,0,0,1,2,0,0,KO/TKO ,89,1,3,Robbie Lawler,Welterweight Bout
234,UFC 40: Vendetta,Carlos Newton vs Pete Spratt,Carlos Newton,Pete Spratt,0,0,0,0,1,2,0,0,3,4,1,1,0,0,1,0,0,0,78,2,0,0,0,1,0,0,0,0,0,0,1,1,0,0,1,2,0,0,0,0,0,0,0,0,Submission ,105,1,3,Carlos Newton,Welterweight Bout
235,UFC 40: Vendetta,Matt Hughes vs Gil Castillo,Matt Hughes,Gil Castillo,0,0,22,32,1,2,36,46,1,2,1,1,0,0,0,0,0,0,244,0,14,24,1,2,6,6,0,0,2,2,0,0,4,8,1,2,0,0,0,0,18,24,0,0,TKO - Doctor's Stoppage ,300,1,5,Matt Hughes,UFC Welterweight Title Bout
236,UFC 40: Vendetta,Chuck Liddell vs Renato Sobral,Chuck Liddell,Renato Sobral,1,0,13,35,10,18,13,35,10,18,0,0,0,2,0,0,0,0,3,0,12,33,2,9,1,2,0,0,0,0,8,9,12,34,10,18,0,0,0,0,1,1,0,0,KO/TKO ,175,1,3,Chuck Liddell,Light Heavyweight Bout
237,UFC 40: Vendetta,Tito Ortiz vs Ken Shamrock,Tito Ortiz,Ken Shamrock,0,0,74,126,12,44,155,214,48,84,3,5,0,1,1,0,0,0,627,1,64,116,8,39,8,8,3,4,2,2,1,1,24,50,5,28,24,35,7,16,26,41,0,0,KO/TKO ,900,3,5,Tito Ortiz,UFC Light Heavyweight Title Bout
238,UFC 39: The Warriors Return,Sean Sherk vs Benji Radach,Sean Sherk,Benji Radach,0,0,6,8,7,18,15,17,36,47,1,5,0,0,0,0,0,0,188,7,6,8,6,14,0,0,1,4,0,0,0,0,0,1,4,10,0,0,3,8,6,7,0,0,TKO - Doctor's Stoppage ,256,1,3,Sean Sherk,Welterweight Bout
239,UFC 39: The Warriors Return,Matt Lindland vs Ivan Salaverry,Matt Lindland,Ivan Salaverry,0,0,16,63,32,70,85,145,50,89,6,9,0,2,0,0,0,1,478,36,14,58,4,37,0,2,10,11,2,3,18,22,6,43,27,62,4,8,5,8,6,12,0,0,Decision - Unanimous ,900,3,3,Matt Lindland,Middleweight Bout
240,UFC 39: The Warriors Return,Phil Baroni vs Dave Menne,Phil Baroni,Dave Menne,1,0,8,13,1,7,8,13,1,7,0,0,0,0,0,0,0,0,0,0,8,13,0,6,0,0,0,0,0,0,1,1,8,13,1,7,0,0,0,0,0,0,0,0,KO/TKO ,18,1,3,Phil Baroni,Middleweight Bout
241,UFC 39: The Warriors Return,Gan McGee vs Pedro Rizzo,Gan McGee,Pedro Rizzo,0,0,17,58,14,28,17,58,14,28,0,3,0,0,0,0,0,0,11,0,13,53,4,18,3,3,0,0,1,2,10,10,17,57,14,28,0,1,0,0,0,0,0,0,KO/TKO ,300,1,3,Gan McGee,Heavyweight Bout
242,UFC 39: The Warriors Return,Caol Uno vs Din Thomas,Caol Uno,Din Thomas,0,0,35,56,11,24,85,112,59,78,0,0,3,6,0,4,0,0,553,210,25,45,11,21,6,6,0,3,4,5,0,0,5,10,4,8,7,9,3,9,23,37,4,7,Decision - Unanimous ,900,3,3,Caol Uno,Lightweight Bout
243,UFC 39: The Warriors Return,BJ Penn vs Matt Serra,BJ Penn,Matt Serra,0,0,32,52,8,49,71,92,22,63,1,1,1,17,0,1,0,0,55,258,12,31,4,42,10,11,2,2,10,10,2,5,12,24,3,35,17,23,5,14,3,5,0,0,Decision - Unanimous ,900,3,3,BJ Penn,Lightweight Bout
244,UFC 39: The Warriors Return,Tim Sylvia vs Wesley Correira,Tim Sylvia,Wesley Correira,0,0,138,214,26,65,155,232,26,65,0,0,0,1,0,0,0,0,3,0,115,186,21,60,13,17,4,4,10,11,1,1,91,155,24,62,47,59,2,3,0,0,0,0,KO/TKO ,403,2,3,Tim Sylvia,Heavyweight Bout
245,UFC 39: The Warriors Return,Ricco Rodriguez vs Randy Couture,Ricco Rodriguez,Randy Couture,0,0,39,80,39,78,128,172,75,114,4,5,5,5,1,0,0,1,665,530,34,72,32,70,4,7,5,6,1,1,2,2,7,26,9,26,2,4,5,8,30,50,25,44,KO/TKO ,1384,5,5,Ricco Rodriguez,UFC Heavyweight Title Bout
246,UFC 38: Brawl at the Hall,Evan Tanner vs Chris Haseman,Evan Tanner,Chris Haseman,0,0,70,98,14,20,131,161,49,56,3,5,0,0,0,2,0,0,829,14,47,71,3,8,21,23,6,6,2,4,5,6,7,9,5,9,10,13,5,7,53,76,4,4,Decision - Unanimous ,900,3,3,Evan Tanner,Light Heavyweight Bout
247,UFC 38: Brawl at the Hall,Renato Sobral vs Elvis Sinosic,Renato Sobral,Elvis Sinosic,0,0,42,90,7,20,117,174,79,99,4,4,0,1,0,0,0,0,778,3,36,83,3,15,2,2,3,3,4,5,1,2,9,18,6,18,0,0,0,0,33,72,1,2,Decision - Unanimous ,900,3,3,Renato Sobral,Light Heavyweight Bout
248,UFC 38: Brawl at the Hall,Phillip Miller vs James Zikic,Phillip Miller,James Zikic,0,0,30,53,29,66,82,114,55,93,4,22,0,1,0,1,0,0,583,166,24,45,20,56,4,6,8,9,2,2,1,1,8,14,8,25,7,11,11,18,15,28,10,23,Decision - Unanimous ,900,3,3,Phillip Miller,Light Heavyweight Bout
249,UFC 38: Brawl at the Hall,Genki Sudo vs Leigh Remedios,Genki Sudo,Leigh Remedios,0,0,9,29,5,12,17,37,32,42,2,3,0,0,3,0,0,0,211,85,8,21,1,7,0,1,1,1,1,7,3,4,3,18,3,9,0,2,2,3,6,9,0,0,Submission ,398,2,3,Genki Sudo,Lightweight Bout
250,UFC 38: Brawl at the Hall,Mark Weir vs Eugene Jackson,Mark Weir,Eugene Jackson,1,0,4,6,0,1,4,6,0,1,0,0,0,0,0,0,0,0,1,0,4,6,0,1,0,0,0,0,0,0,0,0,1,2,0,1,0,0,0,0,3,4,0,0,KO/TKO ,10,1,3,Mark Weir,Middleweight Bout
251,UFC 38: Brawl at the Hall,Ian Freeman vs Frank Mir,Ian Freeman,Frank Mir,0,0,34,44,6,10,60,70,6,10,0,0,1,5,0,3,1,0,177,15,28,38,1,4,5,5,3,4,1,1,2,2,3,6,4,8,11,11,2,2,20,27,0,0,KO/TKO ,275,1,3,Ian Freeman,Heavyweight Bout
252,UFC 38: Brawl at the Hall,Matt Hughes vs Carlos Newton,Matt Hughes,Carlos Newton,0,0,58,77,3,9,104,123,8,14,4,6,0,1,1,1,0,1,977,52,47,65,3,9,11,12,0,0,0,0,0,0,0,5,1,6,1,1,0,1,57,71,2,2,KO/TKO ,1117,4,5,Matt Hughes,UFC Welterweight Title Bout
253,UFC 37.5: As Real As It Gets,Yves Edwards vs Joao Pierini,Yves Edwards,Joao Pierini,0,0,6,9,1,7,6,9,1,7,0,0,0,0,0,0,0,0,9,0,3,6,1,7,0,0,0,0,3,3,0,0,5,6,1,7,0,0,0,0,1,3,0,0,KO/TKO ,79,1,3,Yves Edwards,Lightweight Bout
254,UFC 37.5: As Real As It Gets,Tony Fryklund vs Rodrigo Ruas,Tony Fryklund,Rodrigo Ruas,1,0,60,102,11,31,127,174,19,42,0,0,0,0,1,0,0,0,415,4,52,93,5,25,6,6,0,0,2,3,6,6,6,17,9,24,5,7,2,7,49,78,0,0,KO/TKO ,514,2,3,Tony Fryklund,Middleweight Bout
255,UFC 37.5: As Real As It Gets,Robbie Lawler vs Steve Berger,Robbie Lawler,Steve Berger,1,0,28,51,11,37,39,62,28,54,1,1,1,3,0,0,0,0,122,26,16,39,2,26,12,12,8,10,0,0,1,1,3,14,0,16,17,23,11,21,8,14,0,0,KO/TKO ,327,2,3,Robbie Lawler,Welterweight Bout
256,UFC 37.5: As Real As It Gets,Pete Spratt vs Zach Light,Pete Spratt,Zach Light,0,0,3,5,2,5,5,7,13,16,0,0,1,1,1,0,0,0,3,123,1,3,2,5,2,2,0,0,0,0,0,0,2,4,1,1,1,1,0,0,0,0,1,4,Submission ,145,1,3,Pete Spratt,Welterweight Bout
257,UFC 37.5: As Real As It Gets,Benji Radach vs Nick Serra,Benji Radach,Nick Serra,1,0,26,46,0,8,67,92,23,31,0,0,1,10,0,2,0,0,614,104,24,43,0,8,2,3,0,0,0,0,0,0,3,9,0,8,2,2,0,0,21,35,0,0,Decision - Unanimous ,900,3,3,Benji Radach,Welterweight Bout
258,UFC 37.5: As Real As It Gets,Chuck Liddell vs Vitor Belfort,Chuck Liddell,Vitor Belfort,1,0,43,78,20,42,59,95,26,49,0,0,3,4,0,0,0,0,214,126,7,38,12,32,5,7,0,1,31,33,8,9,20,53,14,34,17,18,3,3,6,7,3,5,Decision - Unanimous ,900,3,3,Chuck Liddell,Light Heavyweight Bout
259,UFC 37: High Impact,Robbie Lawler vs Aaron Riley,Robbie Lawler,Aaron Riley,1,0,64,153,55,130,87,176,93,170,6,8,0,3,0,1,0,0,269,86,52,137,18,83,9,11,18,20,3,5,19,27,34,94,31,83,21,41,24,47,9,18,0,0,Decision - Unanimous ,900,3,3,Robbie Lawler,Welterweight Bout
260,UFC 37: High Impact,Benji Radach vs Steve Berger,Benji Radach,Steve Berger,1,0,10,12,0,2,10,12,0,2,0,0,0,0,0,0,0,0,13,0,10,12,0,2,0,0,0,0,0,0,0,0,1,1,0,2,0,0,0,0,9,11,0,0,Overturned ,27,1,3,NC,Welterweight Bout
261,UFC 37: High Impact,Ivan Salaverry vs Andrei Semenov,Ivan Salaverry,Andrei Semenov,0,0,43,72,5,46,156,190,5,46,2,2,1,2,8,1,0,0,355,105,20,39,3,40,6,9,0,1,17,24,2,5,26,45,5,44,4,7,0,1,13,20,0,1,KO/TKO ,747,3,3,Ivan Salaverry,Middleweight Bout
262,UFC 37: High Impact,Caol Uno vs Yves Edwards,Caol Uno,Yves Edwards,0,0,19,32,13,23,58,81,30,42,3,6,1,1,1,1,2,0,408,230,8,19,5,14,2,3,3,4,9,10,5,5,6,13,5,10,6,8,7,11,7,11,1,2,Decision - Unanimous ,900,3,3,Caol Uno,Lightweight Bout
263,UFC 37: High Impact,Phil Baroni vs Amar Suloev,Phil Baroni,Amar Suloev,0,0,11,23,9,15,19,33,9,15,0,2,1,1,0,1,0,0,51,3,10,19,7,13,0,1,0,0,1,3,2,2,4,14,7,13,0,0,0,0,7,9,2,2,KO/TKO ,179,1,3,Phil Baroni,Middleweight Bout
264,UFC 37: High Impact,BJ Penn vs Paul Creighton,BJ Penn,Paul Creighton,0,0,39,56,6,8,91,108,8,10,0,0,3,8,0,0,0,0,208,106,17,32,2,4,14,14,4,4,8,10,0,0,2,7,1,3,20,21,4,4,17,28,1,1,KO/TKO ,503,2,3,BJ Penn,Lightweight Bout
265,UFC 37: High Impact,Ricco Rodriguez vs Tsuyoshi Kohsaka,Ricco Rodriguez,Tsuyoshi Kohsaka,0,0,19,33,6,11,58,77,27,33,3,5,1,1,1,0,0,0,430,33,18,30,3,8,1,3,2,2,0,0,1,1,0,3,1,2,1,1,3,7,18,29,2,2,KO/TKO ,505,2,3,Ricco Rodriguez,Heavyweight Bout
266,UFC 37: High Impact,Murilo Bustamante vs Matt Lindland,Murilo Bustamante,Matt Lindland,1,0,17,40,35,66,39,62,82,113,2,2,0,3,2,1,0,1,191,297,15,38,6,35,2,2,9,10,0,0,20,21,7,13,7,28,2,5,25,33,8,22,3,5,Submission ,693,3,5,Murilo Bustamante,UFC Middleweight Title Bout
267,UFC 36: Worlds Collide,Sean Sherk vs Jutaro Nakao,Sean Sherk,Jutaro Nakao,0,0,21,30,4,20,227,241,8,24,7,14,0,0,0,0,0,0,730,2,16,25,1,13,1,1,2,6,4,4,1,1,2,6,2,14,5,6,2,6,14,18,0,0,Decision - Unanimous ,900,3,3,Sean Sherk,Welterweight Bout
268,UFC 36: Worlds Collide,Matt Serra vs Kelly Dullanty,Matt Serra,Kelly Dullanty,0,0,2,8,0,1,14,20,17,21,1,3,0,0,3,0,0,0,142,11,2,8,0,1,0,0,0,0,0,0,0,0,0,2,0,0,0,0,0,1,2,6,0,0,Submission ,178,1,3,Matt Serra,Lightweight Bout
269,UFC 36: Worlds Collide,Frank Mir vs Pete Williams,Frank Mir,Pete Williams,0,0,4,6,0,1,4,6,0,1,0,0,1,1,1,0,0,0,2,19,1,3,0,1,1,1,0,0,2,2,0,0,4,6,0,1,0,0,0,0,0,0,0,0,Submission ,46,1,3,Frank Mir,Heavyweight Bout
270,UFC 36: Worlds Collide,Evan Tanner vs Elvis Sinosic,Evan Tanner,Elvis Sinosic,0,0,7,13,4,8,12,18,7,11,0,0,0,0,0,0,0,0,103,0,5,10,0,4,2,3,2,2,0,0,2,2,0,4,2,5,2,3,2,3,5,6,0,0,TKO - Doctor's Stoppage ,126,1,3,Evan Tanner,Light Heavyweight Bout
271,UFC 36: Worlds Collide,Matt Lindland vs Pat Miletich,Matt Lindland,Pat Miletich,0,0,20,40,1,2,62,85,1,2,1,1,0,0,0,0,0,0,170,0,19,39,0,1,1,1,1,1,0,0,0,0,0,2,1,2,0,0,0,0,20,38,0,0,KO/TKO ,189,1,3,Matt Lindland,Middleweight Bout
272,UFC 36: Worlds Collide,Matt Hughes vs Hayato Sakurai,Matt Hughes,Hayato Sakurai,0,1,36,58,5,12,112,137,14,22,9,11,0,0,0,0,0,0,952,0,34,56,4,11,2,2,0,0,0,0,1,1,8,12,5,12,1,1,0,0,27,45,0,0,KO/TKO ,1081,4,5,Matt Hughes,UFC Welterweight Title Bout
273,UFC 36: Worlds Collide,Pedro Rizzo vs Andrei Arlovski,Pedro Rizzo,Andrei Arlovski,1,0,27,80,38,95,27,80,38,95,0,0,0,0,0,0,0,0,0,0,10,55,10,48,1,1,1,1,16,24,27,46,26,79,37,93,1,1,1,2,0,0,0,0,KO/TKO ,705,3,3,Pedro Rizzo,Heavyweight Bout
274,UFC 36: Worlds Collide,Josh Barnett vs Randy Couture,Josh Barnett,Randy Couture,0,0,44,75,18,21,53,85,33,37,0,0,1,3,1,0,0,0,115,438,31,60,13,15,12,13,4,5,1,2,1,1,0,2,0,1,13,15,8,8,31,58,10,12,KO/TKO ,575,2,5,Josh Barnett,UFC Heavyweight Title Bout
275,UFC 35: Throwdown,Eugene Jackson vs Keith Rockel,Eugene Jackson,Keith Rockel,0,0,1,3,6,10,44,47,21,25,0,1,2,2,1,2,0,0,4,331,1,3,4,8,0,0,1,1,0,0,1,1,1,3,2,2,0,0,0,0,0,0,4,8,Submission ,374,2,3,Eugene Jackson,Middleweight Bout
276,UFC 35: Throwdown,Gil Castillo vs Chris Brennan,Gil Castillo,Chris Brennan,0,0,17,33,8,23,120,150,97,115,3,3,0,2,0,1,0,0,782,8,16,32,2,14,0,0,4,5,1,1,2,4,5,7,3,17,0,0,4,5,12,26,1,1,Decision - Unanimous ,900,3,3,Gil Castillo,Welterweight Bout
277,UFC 35: Throwdown,Kevin Randleman vs Renato Sobral,Kevin Randleman,Renato Sobral,0,0,18,39,2,3,72,100,24,26,1,1,0,0,0,5,0,0,767,0,18,39,1,2,0,0,0,0,0,0,1,1,0,0,0,1,0,0,1,1,18,39,1,1,Decision - Unanimous ,900,3,3,Kevin Randleman,Light Heavyweight Bout
278,UFC 35: Throwdown,Andrei Semenov vs Ricardo Almeida,Andrei Semenov,Ricardo Almeida,1,0,5,29,12,35,35,59,12,35,0,0,1,4,0,5,0,0,147,45,5,29,6,29,0,0,1,1,0,0,5,5,3,22,7,28,1,2,5,7,1,5,0,0,KO/TKO ,421,2,3,Andrei Semenov,Middleweight Bout
279,UFC 35: Throwdown,Chuck Liddell vs Amar Suloev,Chuck Liddell,Amar Suloev,0,0,46,144,26,69,46,144,26,69,0,0,0,0,0,0,0,0,0,0,17,107,14,53,0,1,2,5,29,36,10,11,44,141,26,69,2,3,0,0,0,0,0,0,Decision - Unanimous ,900,3,3,Chuck Liddell,Light Heavyweight Bout
280,UFC 35: Throwdown,Murilo Bustamante vs Dave Menne,Murilo Bustamante,Dave Menne,1,0,9,12,14,33,14,17,23,42,2,7,0,0,0,0,0,0,187,0,8,11,3,20,1,1,5,5,0,0,6,8,4,5,7,25,1,3,7,8,4,4,0,0,KO/TKO ,344,2,5,Murilo Bustamante,UFC Middleweight Title Bout
281,UFC 35: Throwdown,Ricco Rodriguez vs Jeff Monson,Ricco Rodriguez,Jeff Monson,0,0,42,65,7,20,100,126,45,60,3,4,2,6,1,0,0,0,400,236,26,47,2,13,14,15,2,3,2,3,3,4,7,19,2,11,18,24,5,9,17,22,0,0,KO/TKO ,780,3,3,Ricco Rodriguez,Heavyweight Bout
282,UFC 35: Throwdown,Jens Pulver vs BJ Penn,Jens Pulver,BJ Penn,0,0,38,98,49,93,122,186,161,210,1,1,7,10,0,2,4,0,501,384,28,88,35,76,5,5,5,7,5,5,9,10,22,70,39,78,3,3,3,4,13,25,7,11,Decision - Majority ,1500,5,5,Jens Pulver,UFC Lightweight Title Bout
283,UFC 34: High Voltage,Frank Mir vs Roberto Traven,Frank Mir,Roberto Traven,0,0,3,7,1,2,6,11,1,2,0,0,0,0,1,0,0,0,37,0,1,5,1,2,0,0,0,0,2,2,0,0,3,7,1,2,0,0,0,0,0,0,0,0,Submission ,65,1,3,Frank Mir,Heavyweight Bout
284,UFC 34: High Voltage,Matt Lindland vs Phil Baroni,Matt Lindland,Phil Baroni,0,1,71,94,32,54,215,242,80,103,4,9,0,1,0,2,1,2,623,148,49,69,25,47,9,11,6,6,13,14,1,1,12,20,4,13,26,32,19,27,33,42,9,14,Decision - Majority ,900,3,3,Matt Lindland,Middleweight Bout
285,UFC 34: High Voltage,Evan Tanner vs Homer Moore,Evan Tanner,Homer Moore,0,0,4,4,4,8,6,7,12,16,0,0,2,3,4,0,0,0,0,273,2,2,4,8,0,0,0,0,2,2,0,0,3,3,2,3,1,1,0,0,0,0,2,5,Submission ,355,2,3,Evan Tanner,Light Heavyweight Bout
286,UFC 34: High Voltage,Josh Barnett vs Bobby Hoffman,Josh Barnett,Bobby Hoffman,0,0,17,20,6,14,83,88,21,31,2,2,1,2,1,1,0,1,328,202,12,15,3,10,3,3,1,2,2,2,2,2,1,2,1,2,4,4,2,3,12,14,3,9,KO/TKO ,565,2,3,Josh Barnett,Heavyweight Bout
287,UFC 34: High Voltage,BJ Penn vs Caol Uno,BJ Penn,Caol Uno,1,0,5,6,0,1,5,6,0,1,1,1,0,0,0,0,0,0,2,0,5,6,0,1,0,0,0,0,0,0,0,0,1,2,0,1,0,0,0,0,4,4,0,0,KO/TKO ,11,1,3,BJ Penn,Lightweight Bout
288,UFC 34: High Voltage,Matt Hughes vs Carlos Newton,Matt Hughes,Carlos Newton,0,0,8,14,2,7,14,20,18,23,4,4,0,0,1,1,0,2,244,93,7,13,0,5,1,1,2,2,0,0,0,0,0,1,0,4,2,2,2,3,6,11,0,0,KO/TKO ,387,2,5,Matt Hughes,UFC Welterweight Title Bout
289,UFC 34: High Voltage,Ricco Rodriguez vs Pete Williams,Ricco Rodriguez,Pete Williams,0,0,26,43,4,6,86,107,10,13,5,6,0,0,1,1,1,0,436,46,24,41,1,3,2,2,2,2,0,0,1,1,1,4,1,3,1,1,0,0,24,38,3,3,KO/TKO ,542,2,3,Ricco Rodriguez,Heavyweight Bout
290,UFC 34: High Voltage,Randy Couture vs Pedro Rizzo,Randy Couture,Pedro Rizzo,0,0,41,52,13,34,98,111,20,42,3,5,1,1,0,0,0,0,348,3,27,38,8,28,1,1,1,1,13,13,4,5,18,26,9,30,4,4,4,4,19,22,0,0,KO/TKO ,802,3,5,Randy Couture,UFC Heavyweight Title Bout
291,UFC 33: Victory in Vegas,Din Thomas vs Fabiano Iha,Din Thomas,Fabiano Iha,0,0,42,69,19,45,98,128,46,78,1,1,2,7,0,2,0,0,369,343,41,68,12,36,1,1,1,3,0,0,6,6,11,24,4,20,24,35,11,18,7,10,4,7,Decision - Unanimous ,900,3,3,Din Thomas,Lightweight Bout
292,UFC 33: Victory in Vegas,Ricardo Almeida vs Eugene Jackson,Ricardo Almeida,Eugene Jackson,0,0,4,4,1,4,16,17,18,23,1,1,2,2,1,2,0,0,187,38,0,0,1,4,2,2,0,0,2,2,0,0,4,4,1,3,0,0,0,0,0,0,0,1,Submission ,246,1,3,Ricardo Almeida,Middleweight Bout
293,UFC 33: Victory in Vegas,Jutaro Nakao vs Tony DeSouza,Jutaro Nakao,Tony DeSouza,1,0,8,8,1,5,16,16,45,49,0,1,0,0,0,0,0,0,252,0,3,3,0,3,0,0,0,1,5,5,1,1,6,6,0,3,0,0,1,2,2,2,0,0,KO/TKO ,315,2,3,Jutaro Nakao,Welterweight Bout
294,UFC 33: Victory in Vegas,Dave Menne vs Gil Castillo,Dave Menne,Gil Castillo,0,0,70,125,9,25,180,241,110,126,1,1,7,19,4,0,2,0,475,696,38,86,5,20,16,18,3,4,16,21,1,1,24,59,7,23,30,42,2,2,16,24,0,0,Decision - Unanimous ,1500,5,5,Dave Menne,UFC Middleweight Title Bout
295,UFC 33: Victory in Vegas,Matt Serra vs Yves Edwards,Matt Serra,Yves Edwards,0,0,9,17,9,14,20,31,27,33,3,12,0,0,3,0,1,2,509,123,3,10,4,9,4,5,4,4,2,2,1,1,3,7,2,7,0,0,6,6,6,10,1,1,Decision - Majority ,900,3,3,Matt Serra,Welterweight Bout
296,UFC 33: Victory in Vegas,Chuck Liddell vs Murilo Bustamante,Chuck Liddell,Murilo Bustamante,1,0,27,78,15,30,27,78,15,30,0,0,2,20,0,0,0,0,108,53,15,63,13,28,1,3,1,1,11,12,1,1,16,65,13,24,2,2,1,3,9,11,1,3,Decision - Unanimous ,900,3,3,Chuck Liddell,Light Heavyweight Bout
297,UFC 33: Victory in Vegas,Jens Pulver vs Dennis Hallman,Jens Pulver,Dennis Hallman,0,0,27,60,15,48,100,136,56,91,0,0,2,12,1,3,0,0,961,112,18,49,4,34,7,9,4,6,2,2,7,8,9,35,13,42,3,3,0,3,15,22,2,3,Decision - Unanimous ,1500,5,5,Jens Pulver,UFC Lightweight Title Bout
298,UFC 33: Victory in Vegas,Tito Ortiz vs Vladimir Matyushenko,Tito Ortiz,Vladimir Matyushenko,0,0,64,84,19,49,248,269,103,138,5,9,1,6,0,0,0,0,1294,70,17,37,9,38,8,8,3,4,39,39,7,7,5,15,8,36,47,49,11,13,12,20,0,0,Decision - Unanimous ,1500,5,5,Tito Ortiz,UFC Light Heavyweight Title Bout
299,UFC 32: Showdown in the Meadowlands,Tony DeSouza vs Paul Rodriguez,Tony DeSouza,Paul Rodriguez,0,0,1,3,2,2,1,3,2,2,0,0,0,1,2,0,0,0,32,0,1,3,0,0,0,0,0,0,0,0,2,2,1,3,2,2,0,0,0,0,0,0,0,0,Submission ,65,1,3,Tony DeSouza,Welterweight Bout
300,UFC 32: Showdown in the Meadowlands,Ricco Rodriguez vs Andrei Arlovski,Ricco Rodriguez,Andrei Arlovski,0,0,30,50,11,26,64,84,18,33,2,8,0,1,1,0,1,0,445,18,23,43,10,25,3,3,0,0,4,4,1,1,7,19,7,19,3,3,4,7,20,28,0,0,KO/TKO ,683,3,3,Ricco Rodriguez,Heavyweight Bout
301,UFC 32: Showdown in the Meadowlands,Vladimir Matyushenko vs Yuki Kondo,Vladimir Matyushenko,Yuki Kondo,0,0,17,28,1,3,119,146,79,83,3,3,0,2,0,0,0,0,854,0,12,22,0,0,5,6,1,3,0,0,0,0,1,2,1,2,1,1,0,1,15,25,0,0,Decision - Unanimous ,900,3,3,Vladimir Matyushenko,Light Heavyweight Bout
302,UFC 32: Showdown in the Meadowlands,Caol Uno vs Fabiano Iha,Caol Uno,Fabiano Iha,0,0,8,17,6,13,14,24,7,14,2,4,0,0,0,1,0,0,54,0,7,16,4,11,0,0,0,0,1,1,2,2,2,6,5,10,0,1,1,3,6,10,0,0,KO/TKO ,108,1,3,Caol Uno,Lightweight Bout
303,UFC 32: Showdown in the Meadowlands,Pat Miletich vs Shonie Carter,Pat Miletich,Shonie Carter,1,0,10,16,14,42,76,83,18,47,1,1,0,0,0,0,0,0,239,0,7,13,1,26,1,1,6,8,2,2,7,8,6,10,10,37,4,6,4,5,0,0,0,0,KO/TKO ,462,2,3,Pat Miletich,Welterweight Bout
304,UFC 32: Showdown in the Meadowlands,Josh Barnett vs Semmy Schilt,Josh Barnett,Semmy Schilt,0,0,10,17,1,1,21,28,4,6,1,1,0,0,1,0,0,0,215,32,10,17,0,0,0,0,0,0,0,0,1,1,0,1,1,1,0,0,0,0,10,16,0,0,Submission ,261,1,3,Josh Barnett,Heavyweight Bout
305,UFC 32: Showdown in the Meadowlands,BJ Penn vs Din Thomas,BJ Penn,Din Thomas,1,0,6,8,1,5,11,13,25,29,0,1,1,1,0,0,0,0,8,125,3,5,1,5,3,3,0,0,0,0,0,0,0,2,0,2,4,4,0,0,2,2,1,3,KO/TKO ,162,1,3,BJ Penn,Lightweight Bout
306,UFC 32: Showdown in the Meadowlands,Tito Ortiz vs Elvis Sinosic,Tito Ortiz,Elvis Sinosic,0,0,35,59,3,8,58,82,12,18,1,1,0,0,0,0,0,0,172,0,32,55,2,3,1,2,0,1,2,2,1,4,3,9,3,8,1,3,0,0,31,47,0,0,KO/TKO ,212,1,5,Tito Ortiz,UFC Light Heavyweight Title Bout
